COMPANY_ID;QUOTA;ISIN;NAME;DATE_INI;EXCLUSIVE;CLASS;REFERENCE;TARGET;OWNERS;ASSETS;EQUITY;DY_LAST;PRICE_QUOTA_EQUITY
19.419.994/0001-03;1506194;;2509 FUNDO DE INVESTIMENTO IMOBILIÁRIO - FII;27/12/2013;True;Mandato: RendaSegmento de Atuação: Lajes CorporativasTipo de Gestão: Passiva;03/2019;Investidor Qualificado;1;2325556376;2325377357;0,7001%;1543.88
19.213.231/0001-01;128385;;AB CAPITAL FUNDO DE INVESTIMENTO IMOBILIÁRIO;22/09/2017;True;Mandato: Títulos e Valores MobiliáriosSegmento de Atuação: Títulos e Val. Mob.Tipo de Gestão: Ativa;03/2019;Investidor Profissional;1;124056936;123804472;;964.32
19.959.754/0001-00;8935;;AB CAPITAL II FUNDO DE INVESTIMENTO IMOBILIÁRIO;17/04/2017;True;Mandato: Segmento de Atuação: Tipo de Gestão:;03/2019;Investidor Profissional;1;37188699;37093803;;4151.52
13.873.457/0001-52;752500;BRAEFICTF002;AESAPAR FUNDO DE INVESTIMENTO IMOBIILÁRIO - FII;08/12/2011;True;Mandato: Desenvolvimento para RendaSegmento de Atuação: OutrosTipo de Gestão: Passiva;03/2019;Investidores em Geral;6301;115148852;114154637;0,8191%;151.7
31.547.782/0001-07;37600;;AGRI8 - FUNDO D E INVESTIMENTO IMOBILIARIO;03/12/2018;False;Mandato: RendaSegmento de Atuação: HíbridoTipo de Gestão: Ativa;03/2019;Investidor Qualificado;1;45835744;37949510;;1009.3
28.737.771/0001-85;997042;BRALZRCTF006;ALIANZA TRUST RENDA IMOBILIARIA - FUNDO DE INVESTIMENTO IMOBILIARIO;27/12/2017;False;Mandato: RendaSegmento de Atuação: OutrosTipo de Gestão: Ativa;03/2019;Investidores em Geral;3733;97886294;97055824;0,6952%;97.34
14.069.202/0001-02;114054;BRARFICTF004;AQ3 RENDA FUNDO DE INVESTIMENTO IMOBILIÁRIO;16/11/2012;False;Mandato: Títulos e Valores MobiliáriosSegmento de Atuação: Títulos e Val. Mob.Tipo de Gestão: Ativa;03/2019;Investidor Qualificado e Profissional;30;176617027;172584262;0,0000%;1513.18
13.555.918/0001-49;98221;BRAQLLCTF008;AQUILLA FUNDO DE INVESTIMENTO IMOBILIÁRIO;11/03/2011;False;Mandato: Títulos e Valores MobiliáriosSegmento de Atuação: Títulos e Val. Mob.Tipo de Gestão: Ativa;03/2019;Investidor Qualificado e Profissional;38;170505908;167176748;0,0000%;1702.05
14.149.745/0001-21;1309737661;;ARENA FUNDO DE INVESTIMENTO IMOBILIÁRIO - FII;15/12/2015;False;Mandato: RendaSegmento de Atuação: OutrosTipo de Gestão: Ativa;03/2019;Investidor Qualificado;3;819509541;818124036;;0.62
12.401.858/0001-47;10;BRATRNCTF005;ATRIUM NAÇÕES UNIDAS FUNDO DE INVESTIMENTO IMOBILIÁRIO - FII;31/08/2012;False;Mandato: RendaSegmento de Atuação: Lajes CorporativasTipo de Gestão: Passiva;03/2019;Investidores em Geral;1;532103126;97112396;4,6905%;9711239.6
22.219.335/0001-38;1210001;BRBCRITF009;BANESTES RECEBIVEIS IMOBILIARIOS FUNDO DE INVESTIMENTO IMOBILIARIO;14/05/2015;False;Mandato: Títulos e Valores MobiliáriosSegmento de Atuação: Títulos e Val. Mob.Tipo de Gestão: Ativa;03/2019;Investidores em Geral;7232;123027223;121795916;0,9115%;100.66
15.570.431/0001-60;700000;BRBNFSCTF000;BANRISUL NOVAS FRONTEIRAS FUNDO DE INVESTIMENTO IMOBILIARIO - FII;11/09/2012;False;Mandato: Desenvolvimento para RendaSegmento de Atuação: OutrosTipo de Gestão: Ativa;03/2019;Investidores em Geral;852;64912976;63965378;0,9279%;91.38
07.000.400/0001-46;130000;BRBBFICTF006;BB FUNDO DE INVESTIMENTO IMOBILIARIO PROGRESSIVO;03/06/2004;False;Mandato: RendaSegmento de Atuação: Lajes CorporativasTipo de Gestão: Passiva;03/2019;Investidores em Geral;5179;410133467;398939171;0,8234%;3068.76
14.410.722/0001-29;15919690;BRBBPOCTF003;BB PROGRESSIVO II FUNDO DE INVESTIMENTO IMOBILIÁRIO - FII;23/08/2012;False;Mandato: RendaSegmento de Atuação: Lajes CorporativasTipo de Gestão: Passiva;03/2019;Investidores em Geral;34740;1639838939;1638260755;0,9954%;102.91
20.716.161/0001-93;1035000;BRBBIMCTF002;BB RECEBÍVEIS IMOBILIÁRIOS FUNDO DE INVESTIMENTO IMOBILIÁRIO - FII;12/09/2014;False;Mandato: Títulos e Valores MobiliáriosSegmento de Atuação: Títulos e Val. Mob.Tipo de Gestão: Ativa;03/2019;Investidores em Geral;20;93503768;92845444;0,6268%;89.71
12.681.340/0001-04;1590000;BRBBRCCTF004;BB RENDA CORPORATIVA FUNDO DE INVESTIMENTO IMOBILIÁRIO - FII;13/06/2011;False;Mandato: Desenvolvimento para RendaSegmento de Atuação: OutrosTipo de Gestão: Passiva;03/2019;Investidores em Geral;5629;162519920;161820150;0,9046%;101.77
15.394.563/0001-89;107481;BRRNDPCTF007;BB RENDA DE PAPÉIS IMOBILIÁRIOS FUNDO DE INVESTIMENTO IMOBILIÁRIO - FII;07/05/2012;False;Mandato: Títulos e Valores MobiliáriosSegmento de Atuação: Títulos e Val. Mob.Tipo de Gestão: Ativa;03/2019;Investidores em Geral;1065;116685216;115779352;0,4353%;1077.21
23.120.027/0001-13;1078042;BRRDPDCTF008;BB RENDA DE PAPÉIS IMOBILIÁRIOS II FUNDO DE INVESTIMENTO IMOBILIÁRIO - FII;27/04/2018;False;Mandato: Títulos e Valores MobiliáriosSegmento de Atuação: Títulos e Val. Mob.Tipo de Gestão: Ativa;03/2019;Investidores em Geral;880;104844236;104770792;0,3807%;97.19
31.145.875/0001-05;242700000;;BFC FUNDO DE INVESTIMENTO IMOBILIÁRIO;15/06/2018;False;Mandato: HíbridoSegmento de Atuação: HíbridoTipo de Gestão: Ativa;03/2019;Investidor Profissional;1;655717406;245568587;0,0000%;1.01
18.289.950/0001-43;54802678;BRBRDFCTF003;BIRD FUNDO DE INVESTIMENTO IMOBILIARIO - FII;27/05/2013;False;Mandato: RendaSegmento de Atuação: OutrosTipo de Gestão: Passiva;03/2019;Investidor Profissional;1;84298486;84038781;;1.53
21.067.825/0001-01;160952000;;BPG LOGÍSTICA I FUNDO DE INVESTIMENTO IMOBILIÁRIO;16/08/2018;True;Mandato: HíbridoSegmento de Atuação: LogísticaTipo de Gestão: Ativa;03/2019;Investidor Qualificado;1;476617348;198189362;0,0000%;1.23
21.044.600/0001-21;290062066;BRBPG1CTF006;BPGB-001 FUNDO DE INVESTIMENTO IMOBILIÁRIO - FII;16/11/2015;False;Mandato: Desenvolvimento para RendaSegmento de Atuação: HíbridoTipo de Gestão: Ativa;03/2019;Investidores em Geral;1;407076746;407048519;0,0000%;1.4
20.216.935/0001-17;1689613;BRBCIACTF005;BRADESCO CARTEIRA IMOBILIÁRIA ATIVA;19/05/2015;False;Mandato: Títulos e Valores MobiliáriosSegmento de Atuação: Títulos e Val. Mob.Tipo de Gestão: Ativa;03/2019;Investidores em Geral;1325;208486954;207045869;0,6584%;122.54
22.081.808/0001-83;1635;0;BRAZIL PROPERTIES INVEST FUNDO DE INVESTIMENTO IMOBILIÁRIO - FII;15/08/2017;True;Mandato: Segmento de Atuação: Tipo de Gestão:;03/2019;Investidor Profissional;1;17294991;17260405;0,0000%;10556.82
26.195.121/0001-20;246053;;BRAZIL REAL ESTATE VICTORY FUND I - FUNDO DE INVESTIMENTO IMOBILIARIO;12/09/2016;False;Mandato: RendaSegmento de Atuação: HíbridoTipo de Gestão: Ativa;03/2019;Investidor Qualificado;19;26781569;26288372;1,4412%;106.84
14.074.706/0001-02;30723418;BRBZLICTF003;BRAZIL REALTY FUNDO DE INVESTIMENTO IMOBILIÁRIO - FII;06/12/2016;False;Mandato: Títulos e Valores MobiliáriosSegmento de Atuação: Títulos e Val. Mob.Tipo de Gestão: Ativa;03/2019;Investidor Qualificado e Profissional;23;391920807;373283124;0,0000%;12.15
14.074.706/0001-02;30723418;BRBZLICTF003;BRAZIL REALTY FUNDO DE INVESTIMENTO IMOBILIÁRIO - FII;06/12/2016;False;Mandato: Títulos e Valores MobiliáriosSegmento de Atuação: Títulos e Val. Mob.Tipo de Gestão: Ativa;03/2019;Investidor Qualificado e Profissional;23;391920807;373283124;0,0000%;12.15
13.584.584/0001-31;155053637;BRCARECTF000;BRAZILIAN GRAVEYARD AND DEATH CARE SERVICES FUNDO DE INVESTIMENTO IMOBILIÁRIO - FII;07/12/2011;False;Mandato: Títulos e Valores MobiliáriosSegmento de Atuação: HíbridoTipo de Gestão: Ativa;03/2019;Investidores em Geral;693;220399049;218440211;;1.41
20.748.515/0001-81;1237531;;BRESCO - FUNDO DE INVESTIMENTO IMOBILIÁRIO;13/07/2016;False;Mandato: HíbridoSegmento de Atuação: Lajes CorporativasTipo de Gestão: Ativa;03/2019;Investidor Profissional;10;1606061323;1500477609;0,0000%;1212.48
23.964.843/0001-03;39831;;BRIO REAL ESTATE II - FUNDO DE INVESTIMENTO IMOBILIÁRIO;06/07/2018;False;Mandato: Desenvolvimento para VendaSegmento de Atuação: ResidencialTipo de Gestão: Ativa;03/2019;Investidores em Geral;83;48992976;33719764;;846.57
18.929.353/0001-36;41877;;BRL EDIFÍCIOS COMERCIAIS FII;19/12/2014;False;Mandato: RendaSegmento de Atuação: OutrosTipo de Gestão: Ativa;03/2019;Investidor Qualificado;2;66534390;20066752;;479.18
19.026.454/0001-60;101944;;BRL LAJES CORPORATIVAS FUNDO DE INVESTIMENTO IMOBILIÁRIO - FII;30/12/2014;False;Mandato: RendaSegmento de Atuação: OutrosTipo de Gestão: Ativa;03/2019;Investidor Qualificado;1;111943159;111916065;;1097.82
26.545.627/0001-11;752;;BRL VI FUNDO DE INVESTIMENTO IMOBILIARIO;22/03/2017;False;Mandato: RendaSegmento de Atuação: OutrosTipo de Gestão: Ativa;03/2019;Investidor Qualificado;1;358898096;2625899;;3491.89
22.104.821/0001-00;6492561;0;BTERRA FUNDO DE INVESTIMENTO IMOBILIÁRIO;23/02/2016;False;Mandato: Segmento de Atuação: Tipo de Gestão:;03/2019;Investidor Profissional;1;26655837;7342096;0,0000%;1.13
12.989.974/0001-29;4735662339;BRPMRVCTF001;CAIXA FUNDO DE INVESTIMENTO IMOBILIARIO PORTO MARAVILHA;27/05/2011;False;Mandato: HíbridoSegmento de Atuação: HíbridoTipo de Gestão: Ativa;03/2019;Investidor Qualificado;1;7103186194;2583854651;0,0000%;0.55
15.254.249/0001-09;106225000;BRVLTVCTF007;CAIXA FUNDO DE INVESTIMENTO IMOBILIARIO VLT - VEICULO LEVE SOBRE TRILHOS - FII;13/06/2013;False;Mandato: HíbridoSegmento de Atuação: HíbridoTipo de Gestão: Ativa;03/2019;Investidor Qualificado;2;80610001;78456015;;0.74
17.098.794/0001-70;157576;BRCXRICTF003;CAIXA RIO BRAVO FUNDO DE FUNDOS DE INVESTIMENTO IMOBILIARIO - FII;12/11/2013;False;Mandato: Títulos e Valores MobiliáriosSegmento de Atuação: Títulos e Val. Mob.Tipo de Gestão: Ativa;03/2019;Investidores em Geral;1083;180044357;171588315;0,6517%;1088.92
18.979.895/0001-13;1577825;BRCPTSCTF004;CAPITÂNIA SECURITIES II FUNDO DE INVESTIMENTO IMOBILIÁRIO - FII;05/08/2014;True;Mandato: Títulos e Valores MobiliáriosSegmento de Atuação: Títulos e Val. Mob.Tipo de Gestão: Ativa;03/2019;Investidor Qualificado e Profissional;3713;153749681;152580555;0,6722%;96.7
20.118.470/0001-61;4901;0;CASPER FUNDO DE INVESTIMENTO IMOBILIÁRIO - FII;30/06/2017;False;Mandato: Segmento de Atuação: Tipo de Gestão:;03/2019;Investidores em Geral;1;58804993;58774396;0,0000%;11992.33
20.118.470/0001-61;4901;0;CASPER FUNDO DE INVESTIMENTO IMOBILIÁRIO - FII;30/06/2017;False;Mandato: Segmento de Atuação: Tipo de Gestão:;03/2019;Investidores em Geral;1;58804993;58774396;0,0000%;11992.33
17.144.039/0001-85;1415000;BRCBOPCTF001;CASTELLO BRANCO OFFICE PARK FUNDO DE INVESTIMENTO IMOBILIÁRIO - FII;17/12/2012;False;Mandato: RendaSegmento de Atuação: Lajes CorporativasTipo de Gestão: Passiva;03/2019;Investidores em Geral;2799;112225075;111447214;0,5970%;78.76
26.502.761/0001-35;35370;0;CATUAÍ FUNDO DE INVESTIMENTO IMOBILIÁRIO;22/09/2017;False;Mandato: HíbridoSegmento de Atuação: OutrosTipo de Gestão: Ativa;03/2019;Investidor Profissional;1;34435977;33942482;0,0000%;959.64
26.502.761/0001-35;35370;0;CATUAÍ FUNDO DE INVESTIMENTO IMOBILIÁRIO;22/09/2017;False;Mandato: HíbridoSegmento de Atuação: OutrosTipo de Gestão: Ativa;03/2019;Investidor Profissional;1;34435977;33942482;0,0000%;959.64
20.118.507/0001-51;28221;0;CEDRO - FUNDO DE INVESTIMENTO IMOBILIÁRIO - FII;08/01/2015;True;Mandato: Segmento de Atuação: Tipo de Gestão:;03/2019;Investidor Profissional;2;93283675;38255911;0,0000%;1355.58
18.950.957/0001-64;124408;BRCHLLCTF003;CHALLENGER FUNDO DE INVESTIMENTO IMOBILIÁRIO - FII;14/07/2014;True;Mandato: RendaSegmento de Atuação: HíbridoTipo de Gestão: Ativa;03/2019;Investidor Qualificado;1;1283507467;398112775;0,0000%;3200.06
13.464.208/0001-03;46135;;CIBRASEC CRÉDITO IMOBILIÁRIO - FII;06/12/2011;False;Mandato: Títulos e Valores MobiliáriosSegmento de Atuação: Títulos e Val. Mob.Tipo de Gestão: Ativa;03/2019;Investidor Qualificado;73;6894004;5598581;1,8389%;121.35
13.920.018/0001-53;40501;0;CICA JUNDIAI - FUNDO DE INVESTIMENTO IMOBILIARIO;24/05/2013;True;Mandato: Segmento de Atuação: Tipo de Gestão:;03/2019;Investidor Qualificado;24;218459340;182385074;0,0000%;4503.22
18.874.965/0001-79;166750;;CIDADE - FUNDO DE INVESTIMENTO IMOBILIÁRIO - FII;18/12/2014;False;Mandato: RendaSegmento de Atuação: ShoppingsTipo de Gestão: Ativa;03/2019;Investidor Qualificado;54;182546578;182501775;0,6318%;1094.46
15.862.591/0001-83;7500;0;CIDADE NOVA FUNDO DE INVESTIMENTO IMOBILIÁRIO - FII;25/10/2012;False;Mandato: Segmento de Atuação: Tipo de Gestão:;03/2019;Investidores em Geral;1;530727127;135854600;0,0000%;18113.95
97.521.194/0001-02;11766;BRCLOGCTF009;CLARITAS LOGÍSTICA I - FUNDO DE INVESTIMENTO IMOBILIÁRIO;06/07/2011;False;Mandato: Segmento de Atuação: Tipo de Gestão:;03/2019;Investidor Qualificado;41;156806003;156128481;0,3550%;13269.46
31.772.231/0001-47;5137000;0;COLONIZADOR I FUNDO DE INVESTIMENTO IMOBILIARIO - FII;13/11/2018;False;Mandato: RendaSegmento de Atuação: HíbridoTipo de Gestão: Ativa;03/2019;Investidores em Geral;30;51389921;51298561;;9.99
17.143.998/0001-86;1073530;BRGRLVCTF002;CSHG GR LOUVEIRA FUNDO DE INVESTIMENTO IMOBILIÁRIO - FII;22/01/2013;False;Mandato: Desenvolvimento para RendaSegmento de Atuação: LogísticaTipo de Gestão: Passiva;03/2019;Investidores em Geral;1874;122359782;121622514;0,4874%;113.29
11.260.134/0001-68;1650000;BRHGJHCTF006;CSHG JHSF PRIME OFFICES - FUNDO DE INVESTIMENTO IMOBILIÁRIO FII;14/10/2010;False;Mandato: RendaSegmento de Atuação: Lajes CorporativasTipo de Gestão: Passiva;03/2019;Investidores em Geral;5809;248837677;247163471;0,5342%;149.8
11.728.688/0001-47;7881340;BRHGLGCTF004;CSHG LOGÍSTICA - FUNDO DE INVESTIMENTO IMOBILIÁRIO - FII;06/05/2010;False;Mandato: RendaSegmento de Atuação: LogísticaTipo de Gestão: Ativa;03/2019;Investidores em Geral;57767;1017684448;954080449;0,6197%;121.06
09.072.017/0001-29;7383100;BRHGRECTF006;CSHG REAL ESTATE - FUNDO DE INVESTIMENTO IMOBILIÁRIO - FII;06/05/2008;False;Mandato: RendaSegmento de Atuação: Lajes CorporativasTipo de Gestão: Ativa;03/2019;Investidores em Geral;31894;1158186270;1120908908;0,4883%;151.82
11.160.521/0001-22;2596486;BRHGCRCTF000;CSHG RECEBÍVEIS IMOBILIÁRIOS - FUNDO DE INVESTIMENTO IMOBILIÁRIO - FII;22/12/2009;False;Mandato: Títulos e Valores MobiliáriosSegmento de Atuação: Títulos e Val. Mob.Tipo de Gestão: Ativa;03/2019;Investidores em Geral;8720;341534560;271250364;0,7058%;104.47
29.641.226/0001-53;1500000;BRHGRUCTF002;CSHG RENDA URBANA - FUNDO DE INVESTIMENTO IMOBILIARIO - FII;27/04/2018;False;Mandato: RendaSegmento de Atuação: HíbridoTipo de Gestão: Ativa;03/2019;Investidores em Geral;533;155991192;154120818;0,6627%;102.75
19.442.626/0001-86;187470;;CTBH FUNDO DE INVESTIMENTO IMOBILIÁRIO - FII;26/02/2014;False;Mandato: RendaSegmento de Atuação: ShoppingsTipo de Gestão: Passiva;03/2019;Investidor Qualificado;1;64294043;64291154;0,0000%;342.94
10.841.506/0001-87;1;;DAJ FUNDO DE INVESTIMENTO IMOBILIÁRIO;18/06/2009;False;Mandato: RendaSegmento de Atuação: OutrosTipo de Gestão: Ativa;03/2019;Investidor Qualificado;0;0;0;;0.0
28.108.193/0001-18;7920000;0;DEL MONTE FUNDO DE INVESTIMENTO IMOBILIÁRIO;15/12/2017;False;Mandato: RendaSegmento de Atuação: HíbridoTipo de Gestão: Ativa;03/2019;Investidores em Geral;8;8190444;8183594;;1.03
26.642.727/0001-66;78763473;BRDAMTCTF007;DIAMANTE FUNDO DE INVESTIMENTO IMOBILIARIO;13/02/2017;False;Mandato: RendaSegmento de Atuação: HíbridoTipo de Gestão: Ativa;03/2019;Investidor Qualificado;51;189330204;109132645;0,0000%;1.39
10.522.648/0001-81;59466;BRDOVLCTF006;DOVEL FII;01/04/2009;True;Mandato: RendaSegmento de Atuação: Lajes CorporativasTipo de Gestão: Passiva;03/2019;Investidor Qualificado e Profissional;52;61881102;61625210;0,4043%;1036.31
21.085.863/0001-89;179600000;;EBT FUNDO DE INVESTIMENTO IMOBILIÁRIO;04/08/2014;False;Mandato: HíbridoSegmento de Atuação: HíbridoTipo de Gestão: Ativa;03/2019;Investidor Profissional;1;507964677;181840012;0,0000%;1.01
14.365.190/0001-55;52148;BRSRIICTF000;ESTRUTURA II - FUNDO DE INVESTIMENTO IMOBILIÁRIO - FII;02/10/2012;False;Mandato: RendaSegmento de Atuação: OutrosTipo de Gestão: Ativa;03/2019;Investidor Qualificado;1;78591479;78554810;0,0000%;1506.38
18.259.637/0001-62;72;;ETR PROPERTIES FUNDO DE INVESTIMENTO IMOBILIÁRIO - FII;05/09/2013;False;Mandato: RendaSegmento de Atuação: Lajes CorporativasTipo de Gestão: Ativa;03/2019;Investidor Qualificado;2;8239782;8217154;;114127.14
31.469.385/0001-64;49611;-;EUROPA 105 - FUNDO DE INVESTIMENTO IMOBILIÁRIO;15/03/2019;False;Mandato: RendaSegmento de Atuação: Lajes CorporativasTipo de Gestão: Passiva;03/2019;Investidor Qualificado;2;47259606;4941938;0,0000%;99.61
24.070.076/0001-51;6677444;BRKINPCTF001;EVEN PERMUTA KINEA FII - FUNDO DE INVESTIMENTO IMOBILIÁRIO;09/06/2017;False;Mandato: Desenvolvimento para VendaSegmento de Atuação: ResidencialTipo de Gestão: Ativa;03/2019;Investidor Qualificado;91;73701932;67383800;0,0000%;10.09
12.358.507/0001-09;400235;;ÊXITUS FUNDO DE INVESTIMENTO IMOBILIÁRIO - FII;08/12/2010;False;Mandato: HíbridoSegmento de Atuação: HíbridoTipo de Gestão: Ativa;03/2019;Investidor Profissional;54;678926565;678469198;0,0000%;1695.18
18.312.285/0001-61;209671135;;EZTB Fundo de Investimento Imobiliário - FII;18/09/2017;False;Mandato: HíbridoSegmento de Atuação: HíbridoTipo de Gestão: Ativa;03/2019;Investidor Profissional;1;804609618;282495734;0,0000%;1.35
17.329.029/0001-14;365972;BRFIXXCTF004;FATOR IFIX FUNDO DE INVESTIMENTO IMOBILIÁRIO;06/05/2013;False;Mandato: Títulos e Valores MobiliáriosSegmento de Atuação: Títulos e Val. Mob.Tipo de Gestão: Ativa;03/2019;Investidores em Geral;903;34470813;34112291;0,9156%;93.21
11.664.201/0001-00;2241799;BRVRTACTF008;FATOR VERITA FUNDO DE INVESTIMENTO IMOBILIARIO;05/08/2010;False;Mandato: Títulos e Valores MobiliáriosSegmento de Atuação: Títulos e Val. Mob.Tipo de Gestão: Ativa;03/2019;Investidores em Geral;12871;242461394;226948545;0,9255%;101.24
22.016.625/0001-84;8170;;FDL FUNDO DE INVESTIMENTO IMOBILIÁRIO - FII;15/08/2012;False;Mandato: RendaSegmento de Atuação: OutrosTipo de Gestão: Ativa;03/2019;Investidor Profissional;1;64420760;57670285;0,0000%;7058.79
22.016.625/0001-84;8170;;FDL FUNDO DE INVESTIMENTO IMOBILIÁRIO - FII;15/08/2012;False;Mandato: RendaSegmento de Atuação: OutrosTipo de Gestão: Ativa;03/2019;Investidor Profissional;1;64420760;57670285;0,0000%;7058.79
20.990.694/0001-69;184225;0;FGRP FUNDO DE INVESTIMENTO IMOBILIÁRIO;01/03/2018;False;Mandato: HíbridoSegmento de Atuação: HíbridoTipo de Gestão: Ativa;03/2019;Investidor Qualificado;8;183000726;179667505;;975.26
24.814.916/0001-43;109790;BRNPARCTF003;FII - FUNDO DE INVESTIMENTO IMOBILIÁRIO NESTPAR;23/05/2016;False;Mandato: HíbridoSegmento de Atuação: OutrosTipo de Gestão: Ativa;03/2019;Investidores em Geral;61;13964771;13713390;;124.91
11.281.322/0001-72;195000;BRPRSVCTF008;FII - PRESIDENTE VARGAS;03/01/2011;False;Mandato: RendaSegmento de Atuação: Lajes CorporativasTipo de Gestão: Passiva;03/2019;Investidores em Geral;1626;79569194;79354042;0,0000%;406.94
07.789.135/0001-27;451113;BRANCRCTF001;FII ANCAR IC;21/12/2005;False;Mandato: Desenvolvimento para RendaSegmento de Atuação: ShoppingsTipo de Gestão: Ativa;03/2019;Investidores em Geral;56;1516179936;1415811482;0,4529%;3138.49
11.179.118/0001-45;642168;BRFAEDCTF003;FII ANHANGUERA EDUCACIONAL;21/12/2009;False;Mandato: RendaSegmento de Atuação: OutrosTipo de Gestão: Passiva;03/2019;Investidores em Geral;2912;122697141;121441163;0,7986%;189.11
10.347.985/0001-80;2710000;BRBBVJCTF001;FII BB VOTORANTIM CIDADE JARDIM CONTINENTAL TOWER;22/12/2010;False;Mandato: Desenvolvimento para RendaSegmento de Atuação: Lajes CorporativasTipo de Gestão: Passiva;03/2019;Investidor Qualificado;2118;158639001;158127386;0,0000%;58.35
14.376.247/0001-11;998405;BRBMLCCTF004;FII BM BRASCAN LAJES CORPORATIVAS;10/01/2012;False;Mandato: RendaSegmento de Atuação: Lajes CorporativasTipo de Gestão: Ativa;03/2019;Investidores em Geral;1147;94691341;93086933;0,4656%;93.24
11.602.654/0001-01;167000;BRFCFLCTF009;FII CAMPUS FARIA LIMA;29/06/2010;False;Mandato: RendaSegmento de Atuação: OutrosTipo de Gestão: Passiva;03/2019;Investidores em Geral;2696;303049406;300375375;0,6371%;1798.65
13.551.286/0001-45;2949248;BRCNESCTF001;FII CENESP;27/07/2011;False;Mandato: RendaSegmento de Atuação: Lajes CorporativasTipo de Gestão: Ativa;03/2019;Investidores em Geral;2958;281958332;276607656;0,3327%;93.79
08.098.114/0001-28;3568083;BRPRGDCTF001;FII COMERCIAL PROGRESSIVO II;26/06/2006;False;Mandato: RendaSegmento de Atuação: HíbridoTipo de Gestão: Ativa;03/2019;Investidores em Geral;1;609653981;345832909;-0,5841%;96.92
04.141.645/0001-03;69033500;BRFLMACTF009;FII CONTINENTAL SQUARE FARIA LIMA;29/08/2000;False;Mandato: RendaSegmento de Atuação: HíbridoTipo de Gestão: Ativa;03/2019;Investidores em Geral;15940;201473117;199703103;0,5137%;2.89
13.966.653/0001-71;1472728;BRTHRACTF007;FII CYRELA THERA CORPORATE;22/12/2011;False;Mandato: RendaSegmento de Atuação: Lajes CorporativasTipo de Gestão: Passiva;03/2019;Investidores em Geral;2221;151875766;150445173;0,5485%;102.15
05.562.312/0001-02;104800;BRFAMBCTF018;FII EDIFICIO ALMIRANTE BARROSO;17/03/2003;False;Mandato: RendaSegmento de Atuação: Lajes CorporativasTipo de Gestão: Passiva;03/2019;Investidores em Geral;3052;343500650;334748558;1,0169%;3194.17
06.175.262/0001-73;236000;BREDFOCTF004;FII EDIFÍCIO OURINVEST;19/04/2004;False;Mandato: RendaSegmento de Atuação: Lajes CorporativasTipo de Gestão: Passiva;03/2019;Investidores em Geral;522;44394327;43626153;1,0032%;184.86
13.022.994/0001-99;787256;BRELDOCTF002;FII ELDORADO;18/11/2010;False;Mandato: RendaSegmento de Atuação: ShoppingsTipo de Gestão: Passiva;03/2019;Investidores em Geral;61;826127940;823104667;0,4800%;1045.54
05.437.916/0001-27;383936;BREUROCTF011;FII EUROPAR;10/12/2002;False;Mandato: HíbridoSegmento de Atuação: LogísticaTipo de Gestão: Passiva;03/2019;Investidores em Geral;1313;123027516;122706518;0,1596%;319.6
10.375.382/0001-91;55691;BRFLRPCTF006;FII FLORIPA SHOPPING;21/09/2009;False;Mandato: RendaSegmento de Atuação: ShoppingsTipo de Gestão: Passiva;03/2019;Investidores em Geral;814;74786554;74330744;0,4368%;1334.7
01.964.775/0001-40;12583000;BRGEOGCTF005;FII GEO GUARARAPES;03/11/2005;True;Mandato: Segmento de Atuação: Tipo de Gestão:;03/2019;Investidor Qualificado e Profissional;6;1638935;1190325;0,0000%;0.09
04.066.582/0001-60;200000;BRHCRICTF006;FII HOSPITAL DA CRIANÇA;03/10/2000;False;Mandato: RendaSegmento de Atuação: HospitalTipo de Gestão: Passiva;03/2019;Investidores em Geral;2138;53379553;52624668;0,9579%;263.12
08.014.513/0001-63;1144800;BRNSLUCTF008;FII HOSPITAL NOSSA SENHORA DE LOURDES;20/04/2006;False;Mandato: RendaSegmento de Atuação: HospitalTipo de Gestão: Passiva;03/2019;Investidores em Geral;4103;210889796;207134178;0,9579%;180.93
08.706.065/0001-69;1118960;BRHTMXCTF000;FII HOTEL MAXINVEST;13/02/2007;False;Mandato: RendaSegmento de Atuação: HotelTipo de Gestão: Ativa;03/2019;Investidores em Geral;18156;157499475;155298740;0,4370%;138.79
11.274.415/0001-70;59245;BRMAXRCTF009;FII MAX RETAIL;30/04/2010;False;Mandato: RendaSegmento de Atuação: OutrosTipo de Gestão: Ativa;03/2019;Investidores em Geral;1342;109563704;105350276;0,8546%;1778.21
01.633.741/0001-72;508008;BRFMOFCTF010;FII MEMORIAL OFFICE;18/03/1997;False;Mandato: RendaSegmento de Atuação: Lajes CorporativasTipo de Gestão: Passiva;03/2019;Investidores em Geral;337;68093584;67831239;0,0000%;133.52
01.497.954/0001-14;8703994;0;FII MISTRAL;22/10/1996;False;Mandato: RendaSegmento de Atuação: Lajes CorporativasTipo de Gestão: Ativa;03/2019;Investidores em Geral;6;145862391;144837528;0,0000%;16.64
10.869.155/0001-12;238477;BRPQDPCTF004;FII PARQUE DOM PEDRO SHOPPING CENTER;19/06/2009;False;Mandato: RendaSegmento de Atuação: ShoppingsTipo de Gestão: Passiva;03/2019;Investidores em Geral;3767;710593859;701946783;0,4164%;2943.46
01.636.325/0001-28;233608;BRPMOVCTF008;FII PATEO MOINHOS DE VENTO;10/01/1997;False;Mandato: RendaSegmento de Atuação: HíbridoTipo de Gestão: Ativa;03/2019;Investidores em Geral;4;254422850;251919255;0,3960%;1078.38
09.150.967/0001-24;69052;0;FII PATRIMONIAL IV;18/10/2007;False;Mandato: Segmento de Atuação: Tipo de Gestão:;03/2019;Investidores em Geral;1;92048148;16730710;;242.29
07.583.627/0001-61;224952;0;FII PENINSULA;23/06/2005;False;Mandato: RendaSegmento de Atuação: OutrosTipo de Gestão: Passiva;03/2019;Investidor Qualificado;1;3111272436;1960690448;0,0000%;8716.04
10.456.799/0001-89;31219;0;FII PHORBIS;24/10/2008;False;Mandato: RendaSegmento de Atuação: Lajes CorporativasTipo de Gestão: Ativa;03/2019;Investidor Qualificado;2;494917918;441329624;0,0000%;14136.57
10.427.246/0001-06;6179347;BRPMEPCTF001;FII PRIME PORTFOLIO;03/02/2009;False;Mandato: RendaSegmento de Atuação: Lajes CorporativasTipo de Gestão: Ativa;03/2019;Investidor Qualificado;1;627996149;617515330;0,1720%;99.93
03.251.720/0001-18;750000;BRFPABCTF011;FII PROJ AGUA BRANCA;30/06/1999;False;Mandato: RendaSegmento de Atuação: Lajes CorporativasTipo de Gestão: Passiva;03/2019;Investidores em Geral;951;283018454;279507002;0,4832%;372.68
09.276.964/0001-31;1193083;BRPRPYCTF008;FII PROPERTY INVEST;18/12/2007;False;Mandato: RendaSegmento de Atuação: Lajes CorporativasTipo de Gestão: Passiva;03/2019;Investidores em Geral;1;91669367;91593387;-0,2375%;76.77
07.352.632/0001-63;40000;BRRDBSCTF006;FII RODOBENS;19/04/2005;False;Mandato: RendaSegmento de Atuação: LogísticaTipo de Gestão: Passiva;03/2019;Investidores em Geral;1;18933758;17876178;-0,8053%;446.9
14.879.856/0001-93;2522968;BRJRDMCTF002;FII SHOPPING JARDIM SUL;17/07/2012;False;Mandato: RendaSegmento de Atuação: ShoppingsTipo de Gestão: Passiva;03/2019;Investidores em Geral;4865;211985253;209222523;0,5735%;82.93
07.224.019/0001-60;1639737;BRSHDPCTF007;FII SHOPPING PARQUE D PEDRO;28/01/2005;False;Mandato: RendaSegmento de Atuação: ShoppingsTipo de Gestão: Passiva;03/2019;Investidores em Geral;4;1990138573;1977799642;0,4563%;1206.17
07.122.725/0001-00;111177;BRALMICTF003;FII TORRE ALMIRANTE;19/11/2004;False;Mandato: RendaSegmento de Atuação: Lajes CorporativasTipo de Gestão: Passiva;03/2019;Investidores em Geral;4410;196541109;190847395;0,0894%;1716.61
04.722.883/0001-02;3935562;BRTRNTCTF013;FII TORRE NORTE;10/10/2001;False;Mandato: RendaSegmento de Atuação: Lajes CorporativasTipo de Gestão: Passiva;03/2019;Investidores em Geral;656;793397048;784339899;0,3732%;199.3
13.022.993/0001-44;2150000;BRFVBICTF004;FII VBI FL 4440;03/06/2011;False;Mandato: RendaSegmento de Atuação: Lajes CorporativasTipo de Gestão: Passiva;03/2019;Investidores em Geral;4655;203906242;201696376;0,4047%;93.81
20.265.434/0001-20;1383630;BRVTSCCTF002;FII VOTORANTIM SECURITIES IV;13/03/2015;False;Mandato: Títulos e Valores MobiliáriosSegmento de Atuação: Títulos e Val. Mob.Tipo de Gestão: Ativa;03/2019;Investidor Qualificado;842;1442951128;1404910303;0,0000%;1015.38
14.074.721/0001-50;52918;0;FIRENZE FUNDO DE INVESTIMENTO IMOBILIÁRIO;22/09/2014;False;Mandato: Títulos e Valores MobiliáriosSegmento de Atuação: Títulos e Val. Mob.Tipo de Gestão: Ativa;03/2019;Investidor Qualificado e Profissional;2;57018685;56349383;0,0000%;1064.84
28.065.397/0001-19;58266;0;FL SHOPPINGS - FUNDO DE INVESTIMENTO IMOBILIÁRIO;06/09/2017;False;Mandato: Segmento de Atuação: Tipo de Gestão:;03/2019;Investidor Qualificado;3;55400918;55301762;0,0000%;949.13
04.782.236/0001-88;2935484;;FP F ANDROMEDA FII;24/08/2001;False;Mandato: RendaSegmento de Atuação: HíbridoTipo de Gestão: Passiva;03/2019;Investidor Qualificado e Profissional;3;549100313;520093629;0,5640%;177.17
04.782.236/0001-88;2935484;;FP F ANDROMEDA FII;24/08/2001;False;Mandato: RendaSegmento de Atuação: HíbridoTipo de Gestão: Passiva;03/2019;Investidor Qualificado e Profissional;3;549100313;520093629;0,5640%;177.17
27.771.568/0001-62;3500;;FRAM CAPITAL VI FUNDO DE INVESTIMENTO IMOBILIARIO;04/07/2018;True;Mandato: Desenvolvimento para RendaSegmento de Atuação: HíbridoTipo de Gestão: Ativa;03/2019;Investidor Qualificado;1;1208112;1183360;0,0000%;338.1
02.027.437/0001-44;140000;BRBMIICTF007;FUNDO BRASÍLIO MACHADO DE INVESTIMENTO IMOBILIÁRIO;10/07/1997;False;Mandato: Desenvolvimento para RendaSegmento de Atuação: Lajes CorporativasTipo de Gestão: Ativa;03/2019;Investidores em Geral;12;65699584;65500355;0,0000%;467.86
30.091.444/0001-40;1317933;BRKFOFCTF006;FUNDO DE FUNDOS DE INVESTIMENTO IMOBILIÁRIO KINEA FII;03/09/2018;False;Mandato: Títulos e Valores MobiliáriosSegmento de Atuação: Títulos e Val. Mob.Tipo de Gestão: Ativa;03/2019;Investidores em Geral;931;142620174;138677900;0,4415%;105.22
29.787.928/0001-40;680000;BRBTCRCTF006;FUNDO DE INVESTIMENTO IMOBILIARIO - BTG PACTUAL CREDITO IMOBILIARIO;13/03/2018;False;Mandato: RendaSegmento de Atuação: Títulos e Val. Mob.Tipo de Gestão: Ativa;03/2019;Investidores em Geral;54;69187216;68547418;0,7276%;100.81
20.019.120/0001-48;383059;BR00GECTF009;FUNDO DE INVESTIMENTO IMOBILIÁRIO - FII 4KIDS;13/11/2014;True;Mandato: RendaSegmento de Atuação: HíbridoTipo de Gestão: Passiva;03/2019;Investidor Qualificado;1;161525145;161465145;-0,0176%;421.52
14.788.458/0001-61;429421;BRAMSACTF005;FUNDO DE INVESTIMENTO IMOBILIÁRIO - FII AMETISTA;27/01/2012;False;Mandato: RendaSegmento de Atuação: Lajes CorporativasTipo de Gestão: Passiva;03/2019;Investidores em Geral;1;12061387;12035137;-0,0259%;28.03
17.324.357/0001-28;2668860;BRBPFFCTF002;FUNDO DE INVESTIMENTO IMOBILIÁRIO - FII BRASIL PLURAL ABSOLUTO FUNDO DE FUNDOS;08/04/2013;False;Mandato: RendaSegmento de Atuação: OutrosTipo de Gestão: Ativa;03/2019;Investidores em Geral;5814;258426292;256445849;0,6353%;96.09
20.680.775/0001-62;902535;BRBRRICTF007;FUNDO DE INVESTIMENTO IMOBILIÁRIO - FII BRISA RENDA IMOBILIÁRIA;23/09/2014;True;Mandato: RendaSegmento de Atuação: HíbridoTipo de Gestão: Ativa;03/2019;Investidor Qualificado;1;1179687470;1129275710;0,4468%;1251.23
29.800.650/0001-01;1128069;BRBPRPCTF006;FUNDO DE INVESTIMENTO IMOBILIARIO - FII BRLPROP;14/03/2018;False;Mandato: RendaSegmento de Atuação: LogísticaTipo de Gestão: Passiva;03/2019;Investidor Qualificado;30;112764281;112684647;-0,0158%;99.89
08.924.783/0001-01;19224537;BRBRCRCTF000;FUNDO DE INVESTIMENTO IMOBILIÁRIO - FII BTG PACTUAL CORPORATE OFFICE FUND;21/06/2007;False;Mandato: RendaSegmento de Atuação: HíbridoTipo de Gestão: Ativa;03/2019;Investidores em Geral;56730;2284816507;2078328445;0,1974%;108.11
09.552.812/0001-14;1461280;BRFEXCCTF007;FUNDO DE INVESTIMENTO IMOBILIÁRIO - FII BTG PACTUAL FUNDO DE CRI;06/05/2008;False;Mandato: RendaSegmento de Atuação: Títulos e Val. Mob.Tipo de Gestão: Ativa;03/2019;Investidores em Geral;6115;150580571;149327520;0,7355%;102.19
11.026.627/0001-38;8449360;BRBCFFCTF000;FUNDO DE INVESTIMENTO IMOBILIÁRIO - FII BTG PACTUAL FUNDO DE FUNDOS;07/01/2010;False;Mandato: RendaSegmento de Atuação: Títulos e Val. Mob.Tipo de Gestão: Ativa;03/2019;Investidores em Geral;42533;748155266;727353922;0,9207%;86.08
15.799.397/0001-09;1815696;BRCEOCCTF003;FUNDO DE INVESTIMENTO IMOBILIARIO - FII CEO CYRELA COMMERCIAL PROPERTIES;07/11/2012;False;Mandato: RendaSegmento de Atuação: Lajes CorporativasTipo de Gestão: Passiva;03/2019;Investidores em Geral;4454;161683691;160456631;0,6222%;88.37
15.333.306/0001-37;3812055;BREDGACTF001;FUNDO DE INVESTIMENTO IMOBILIARIO - FII EDIFICIO GALERIA;05/09/2012;False;Mandato: RendaSegmento de Atuação: Lajes CorporativasTipo de Gestão: Passiva;03/2019;Investidores em Geral;5412;328534153;326167659;0,2510%;85.56
17.282.011/0001-04;205983;BRGLDNCTF009;FUNDO DE INVESTIMENTO IMOBILIARIO - FII GOLDEN;15/02/2013;False;Mandato: RendaSegmento de Atuação: HíbridoTipo de Gestão: Ativa;03/2019;Investidores em Geral;1;371681989;208869497;0,6921%;1014.01
20.787.427/0001-99;20890;BRFMLICTF002;FUNDO DE INVESTIMENTO IMOBILIÁRIO - FII MEILI;18/12/2014;False;Mandato: RendaSegmento de Atuação: HotelTipo de Gestão: Passiva;03/2019;Investidores em Geral;1;14575271;14504851;-0,0045%;694.34
18.085.673/0001-57;41000;BRNCHBCTF000;FUNDO DE INVESTIMENTO IMOBILIÁRIO - FII NCH BRASIL RECEBÍVEIS IMOBILIÁRIOS;25/10/2015;False;Mandato: RendaSegmento de Atuação: Títulos e Val. Mob.Tipo de Gestão: Ativa;03/2019;Investidor Qualificado;1;12092602;12023379;-0,0574%;293.25
17.025.970/0001-44;41494533;BRNVHOCTF003;FUNDO DE INVESTIMENTO IMOBILIARIO - FII NOVO HORIZONTE;28/07/2014;False;Mandato: Desenvolvimento para RendaSegmento de Atuação: HospitalTipo de Gestão: Ativa;03/2019;Investidor Qualificado;93;302134480;298125685;0,7336%;7.18
14.788.492/0001-36;1749658;BRPATBCTF004;FUNDO DE INVESTIMENTO IMOBILIARIO - FII PATEO BANDEIRANTES;21/01/2013;False;Mandato: RendaSegmento de Atuação: Lajes CorporativasTipo de Gestão: Passiva;03/2019;Investidores em Geral;67;509694992;172238533;0,4579%;98.44
26.314.437/0001-93;503;BRRBRMCTF009;FUNDO DE INVESTIMENTO IMOBILIÁRIO - FII RBR DESENVOLVIMENTO;04/10/2016;False;Mandato: RendaSegmento de Atuação: HíbridoTipo de Gestão: Passiva;03/2019;Investidor Qualificado;45;47635677;47433281;-0,2464%;94300.76
29.467.977/0001-03;2728868;BRRBRRCTF008;FUNDO DE INVESTIMENTO IMOBILIARIO - FII RBR RENDIMENTO HIGH GRADE;03/05/2018;False;Mandato: RendaSegmento de Atuação: Títulos e Val. Mob.Tipo de Gestão: Ativa;03/2019;Investidores em Geral;25386;263527894;260995029;0,8551%;95.64
17.311.079/0001-74;1429740;BRSAICCTF009;FUNDO DE INVESTIMENTO IMOBILIARIO - FII SIA CORPORATE;19/03/2014;False;Mandato: Desenvolvimento para RendaSegmento de Atuação: Lajes CorporativasTipo de Gestão: Passiva;03/2019;Investidor Qualificado;51;91439444;90854168;0,2219%;63.55
17.365.105/0001-47;10050000;BRTBOFCTF006;FUNDO DE INVESTIMENTO IMOBILIÁRIO - FII TB OFFICE;07/06/2013;False;Mandato: RendaSegmento de Atuação: Lajes CorporativasTipo de Gestão: Passiva;03/2019;Investidores em Geral;9609;885407365;878427749;0,2308%;87.41
28.152.272/0001-26;2399965;BRUBSRCTF000;FUNDO DE INVESTIMENTO IMOBILIÁRIO - FII UBS (BR) RECEBÍVEIS IMOBILIÁRIOS;16/10/2017;False;Mandato: Títulos e Valores MobiliáriosSegmento de Atuação: Títulos e Val. Mob.Tipo de Gestão: Ativa;03/2019;Investidores em Geral;8516;234703934;233171814;0,6390%;97.16
28.152.272/0001-26;2399965;BRUBSRCTF000;FUNDO DE INVESTIMENTO IMOBILIÁRIO - FII UBS (BR) RECEBÍVEIS IMOBILIÁRIOS;16/10/2017;False;Mandato: Títulos e Valores MobiliáriosSegmento de Atuação: Títulos e Val. Mob.Tipo de Gestão: Ativa;03/2019;Investidores em Geral;8516;234703934;233171814;0,6390%;97.16
15.296.696/0001-12;1784828;BRVLOLCTF009;FUNDO DE INVESTIMENTO IMOBILIARIO - FII VILA OLIMPIA CORPORATE;08/08/2012;False;Mandato: RendaSegmento de Atuação: Lajes CorporativasTipo de Gestão: Passiva;03/2019;Investidores em Geral;3344;153145130;151693655;0,4766%;84.99
30.982.923/0001-57;4120;0;FUNDO DE INVESTIMENTO IMOBILIÁRIO - FII VITACON;24/12/2018;False;Mandato: Desenvolvimento para VendaSegmento de Atuação: HíbridoTipo de Gestão: Ativa;03/2019;Investidor Qualificado;1;4037366;4020366;0,0000%;975.82
26.846.202/0001-42;127614;0;FUNDO DE INVESTIMENTO IMOBILIÁRIO - HABITAT I;02/12/2016;False;Mandato: RendaSegmento de Atuação: OutrosTipo de Gestão: Ativa;03/2019;Investidores em Geral;63;167215512;166305545;0,0000%;1303.19
30.629.603/0001-18;3030000;BRLVBICTF002;FUNDO DE INVESTIMENTO IMOBILIARIO - VBI LOGISTICO;09/11/2018;False;Mandato: RendaSegmento de Atuação: LogísticaTipo de Gestão: Ativa;03/2019;Investidores em Geral;767;302338620;295606290;1,0372%;97.56
29.267.567/0001-00;532951;-;FUNDO DE INVESTIMENTO IMOBILIÁRIO BARIGUI RENDIMENTOS IMOBILIÁRIOS I FII;12/12/2018;False;Mandato: Títulos e Valores MobiliáriosSegmento de Atuação: Títulos e Val. Mob.Tipo de Gestão: Ativa;03/2019;Investidor Profissional;10;53263872;52892560;0,6674%;99.24
15.461.076/0001-91;1841677;BRBRHTCTF005;FUNDO DE INVESTIMENTO IMOBILIÁRIO BR HOTÉIS;22/08/2012;True;Mandato: Segmento de Atuação: Tipo de Gestão:;03/2019;Investidor Qualificado e Profissional;11;159767848;158679769;;86.16
15.461.076/0001-91;1841677;BRBRHTCTF005;FUNDO DE INVESTIMENTO IMOBILIÁRIO BR HOTÉIS;22/08/2012;True;Mandato: Segmento de Atuação: Tipo de Gestão:;03/2019;Investidor Qualificado e Profissional;11;159767848;158679769;;86.16
26.846.134/0001-11;860;0;FUNDO DE INVESTIMENTO IMOBILIÁRIO BRASIL LAND;28/11/2016;False;Mandato: HíbridoSegmento de Atuação: OutrosTipo de Gestão: Ativa;03/2019;Investidor Qualificado;1;60037;36038;0,0000%;41.9
21.126.204/0001-43;625540;BRBVARCTF006;FUNDO DE INVESTIMENTO IMOBILIÁRIO BRASIL VAREJO;30/10/2014;False;Mandato: RendaSegmento de Atuação: OutrosTipo de Gestão: Ativa;03/2019;Investidores em Geral;69;698186518;697800615;0,0000%;1115.52
10.991.914/0001-15;68518;BRCXCECTF004;FUNDO DE INVESTIMENTO IMOBILIARIO CAIXA CEDAE;13/07/2009;False;Mandato: RendaSegmento de Atuação: Lajes CorporativasTipo de Gestão: Passiva;03/2019;Investidores em Geral;973;146217813;144378962;0,9306%;2107.17
22.211.522/0001-75;180;BRCXSPCTF006;FUNDO DE INVESTIMENTO IMOBILIARIO CAIXA CONVIDA SUAPE - FII;21/05/2015;True;Mandato: HíbridoSegmento de Atuação: HíbridoTipo de Gestão: Ativa;03/2019;Investidor Qualificado;1;210626804;202414334;;1124524.08
13.020.465/0001-56;297;BRCXDSCTF002;FUNDO DE INVESTIMENTO IMOBILIARIO CAIXA DESENVOLVIMENTO IMOBILIARIO;01/05/2013;True;Mandato: HíbridoSegmento de Atuação: HíbridoTipo de Gestão: Ativa;03/2019;Investidor Qualificado;1;276344365;253030096;0,0000%;851953.19
12.969.125/0001-03;467;BRINCPCTF008;FUNDO DE INVESTIMENTO IMOBILIARIO CAIXA INCORPORACAO;31/05/2012;False;Mandato: Desenvolvimento para VendaSegmento de Atuação: ResidencialTipo de Gestão: Ativa;03/2019;Investidor Profissional;1;551187468;544675143;0,0000%;1166327.93
12.887.506/0001-43;53597;BRCXTLCTF003;FUNDO DE INVESTIMENTO IMOBILIARIO CAIXA TRX LOGISTICA RENDA;07/12/2011;False;Mandato: RendaSegmento de Atuação: LogísticaTipo de Gestão: Passiva;03/2019;Investidores em Geral;614;37950861;37834807;0,1507%;705.91
30.492.505/0001-81;77318778;BRCDUPCTF004;FUNDO DE INVESTIMENTO IMOBILIÁRIO CDURP;11/06/2018;False;Mandato: RendaSegmento de Atuação: HíbridoTipo de Gestão: Ativa;03/2019;Investidor Qualificado;1;84167175;84138429;0,0000%;1.09
00.762.723/0001-28;2594279;BRCTXTCTF014;FUNDO DE INVESTIMENTO IMOBILIÁRIO CENTRO TEXTIL INTERNACIONAL;18/08/1995;False;Mandato: Desenvolvimento para RendaSegmento de Atuação: Lajes CorporativasTipo de Gestão: Ativa;03/2019;Investidores em Geral;3450;124382734;123254325;0,8728%;47.51
23.582.914/0001-03;45009054;BRCJFICTF007;FUNDO DE INVESTIMENTO IMOBILIÁRIO CJ - FII;20/10/2015;False;Mandato: RendaSegmento de Atuação: HíbridoTipo de Gestão: Ativa;03/2019;Investidores em Geral;1;207074890;85720590;-0,4102%;1.9
27.368.863/0001-72;196237;0;FUNDO DE INVESTIMENTO IMOBILIÁRIO COLATERAL;25/01/2018;False;Mandato: RendaSegmento de Atuação: HíbridoTipo de Gestão: Ativa;03/2019;Investidor Qualificado;1;196136148;195894473;;998.25
12.927.767/0001-40;290922157;BRRPORCTF005;FUNDO DE INVESTIMENTO IMOBILIÁRIO DA REGIÃO DO PORTO;30/03/2011;True;Mandato: HíbridoSegmento de Atuação: HíbridoTipo de Gestão: Ativa;03/2019;Investidor Qualificado;2;4634852590;240746296;0,0000%;0.83
18.730.914/0001-73;55;0;FUNDO DE INVESTIMENTO IMOBILIÁRIO EXCLUSIVO INFRA PATRIMONIAL II;06/09/2013;True;Mandato: HíbridoSegmento de Atuação: OutrosTipo de Gestão: Ativa;03/2019;Investidor Profissional;1;89857207;89508640;;1627429.82
08.417.532/0001-30;46971;0;FUNDO DE INVESTIMENTO IMOBILIÁRIO FCM;14/08/2006;False;Mandato: RendaSegmento de Atuação: OutrosTipo de Gestão: Ativa;03/2019;Investidores em Geral;2;1306268641;187014178;0,0000%;3981.48
19.239.245/0001-02;436312;;FUNDO DE INVESTIMENTO IMOBILIÁRIO FL 3.500 I - FII;04/09/2014;False;Mandato: HíbridoSegmento de Atuação: HíbridoTipo de Gestão: Ativa;03/2019;Investidor Profissional;1;888779509;587418178;0,0000%;1346.33
17.007.528/0001-95;38868;BRGESECTF001;FUNDO DE INVESTIMENTO IMOBILIARIO GENERAL SEVERIANO;04/07/2016;False;Mandato: RendaSegmento de Atuação: OutrosTipo de Gestão: Passiva;03/2019;Investidor Qualificado e Profissional;53;59439897;46143861;0,7347%;1187.19
17.590.518/0001-25;2591500;BRFIGSCTF009;FUNDO DE INVESTIMENTO IMOBILIÁRIO GENERAL SHOPPING ATIVO E RENDA - FII;20/06/2013;False;Mandato: RendaSegmento de Atuação: ShoppingsTipo de Gestão: Passiva;03/2019;Investidores em Geral;12771;249612578;247400057;0,8695%;95.47
01.201.140/0001-90;12203833;BRABCPCTF000;FUNDO DE INVESTIMENTO IMOBILIÁRIO GRAND PLAZA SHOPPING;17/05/1996;False;Mandato: RendaSegmento de Atuação: ShoppingsTipo de Gestão: Passiva;03/2019;Investidores em Geral;23764;912324170;905334993;0,6067%;74.18
23.740.527/0001-58;8940000;;FUNDO DE INVESTIMENTO IMOBILIÁRIO GREEN TOWERS;11/07/2017;True;Mandato: RendaSegmento de Atuação: Lajes CorporativasTipo de Gestão: Ativa;03/2019;Investidor Profissional;2;727619760;727464594;0,0000%;81.37
30.578.275/0001-78;62394;0;FUNDO DE INVESTIMENTO IMOBILIÁRIO GV BLUE CHIP;05/07/2018;False;Mandato: HíbridoSegmento de Atuação: OutrosTipo de Gestão: Ativa;03/2019;Investidor Profissional;1;64755280;64735080;0,0000%;1037.52
27.538.477/0001-81;213;0;FUNDO DE INVESTIMENTO IMOBILIARIO HARMONIA;16/05/2018;False;Mandato: Segmento de Atuação: Tipo de Gestão:;03/2019;Investidor Qualificado;1;13460167;13332167;0,0000%;62592.33
27.538.477/0001-81;213;0;FUNDO DE INVESTIMENTO IMOBILIARIO HARMONIA;16/05/2018;False;Mandato: Segmento de Atuação: Tipo de Gestão:;03/2019;Investidor Qualificado;1;13460167;13332167;0,0000%;62592.33
00.868.235/0001-08;54316;BRHERMCTF004;FUNDO DE INVESTIMENTO IMOBILIÁRIO HERMES;03/10/1995;False;Mandato: RendaSegmento de Atuação: HíbridoTipo de Gestão: Passiva;03/2019;Investidores em Geral;7;102570508;102017574;0,4287%;1878.22
28.851.767/0001-43;721821;BRHUSCCTF009;FUNDO DE INVESTIMENTO IMOBILIARIO HOSPITAL UNIMED SUL CAPIXABA;06/10/2017;True;Mandato: Desenvolvimento para RendaSegmento de Atuação: OutrosTipo de Gestão: Passiva;03/2019;Investidores em Geral;204;72367679;72285085;0,0000%;100.14
17.035.124/0001-05;1000;;FUNDO DE INVESTIMENTO IMOBILIÁRIO HUMAITÁ - FII;30/12/2014;False;Mandato: RendaSegmento de Atuação: HíbridoTipo de Gestão: Ativa;03/2019;Investidor Profissional;1;129682331;20294223;;20294.22
14.217.108/0001-45;685000;BRFIIBCTF001;FUNDO DE INVESTIMENTO IMOBILIARIO INDUSTRIAL DO BRASIL;19/08/2011;False;Mandato: HíbridoSegmento de Atuação: HíbridoTipo de Gestão: Passiva;03/2019;Investidores em Geral;9914;268860743;266228746;0,6694%;388.66
18.369.510/0001-04;820112;BRFINFCTF002;FUNDO DE INVESTIMENTO IMOBILIÁRIO INFRA REAL ESTATE - FII;04/10/2013;False;Mandato: Desenvolvimento para RendaSegmento de Atuação: LogísticaTipo de Gestão: Ativa;03/2019;Investidor Qualificado;4;116786226;116680995;;142.27
28.830.325/0001-10;1868099;BRIRDMCTF004;FUNDO DE INVESTIMENTO IMOBILIARIO IRIDIUM RECEBIVEIS IMOBILIARIOS;06/03/2018;False;Mandato: RendaSegmento de Atuação: LogísticaTipo de Gestão: Ativa;03/2019;Investidores em Geral;5979;180486625;178829821;0,6686%;95.73
14.609.653/0001-87;81900;BRJCATCTF005;FUNDO DE INVESTIMENTO IMOBILIÁRIO JHSF CATARINA CORPORATE - FII;16/11/2012;False;Mandato: RendaSegmento de Atuação: HíbridoTipo de Gestão: Ativa;03/2019;Investidor Qualificado;28;85521764;85384681;;1042.55
17.211.882/0001-37;20000;BRJHCTCTF000;FUNDO DE INVESTIMENTO IMOBILIARIO JHSF CATARINA CORPORATE BERLIM;18/01/2013;False;Mandato: Desenvolvimento para RendaSegmento de Atuação: OutrosTipo de Gestão: Passiva;03/2019;Investidor Qualificado;4;24183196;21275451;;1063.77
23.533.796/0001-43;64451924;;FUNDO DE INVESTIMENTO IMOBILIARIO JK D - FII;01/12/2015;False;Mandato: HíbridoSegmento de Atuação: HíbridoTipo de Gestão: Ativa;03/2019;Investidor Profissional;1;260097148;144644947;0,0000%;2.24
23.532.837/0001-87;140707233;;FUNDO DE INVESTIMENTO IMOBILIÁRIO JK E - FII;16/10/2015;False;Mandato: HíbridoSegmento de Atuação: HíbridoTipo de Gestão: Ativa;03/2019;Investidor Profissional;1;491230871;206149920;0,0000%;1.47
24.703.709/0001-11;3000;0;FUNDO DE INVESTIMENTO IMOBILIÁRIO KEYCASH;19/12/2018;False;Mandato: RendaSegmento de Atuação: HíbridoTipo de Gestão: Ativa;03/2019;Investidores em Geral;1;2718127;2703127;;901.04
23.120.098/0001-16;2190609;;FUNDO DE INVESTIMENTO IMOBILIÁRIO LECREC;17/12/2015;True;Mandato: RendaSegmento de Atuação: OutrosTipo de Gestão: Passiva;03/2019;Investidor Qualificado;50;422457070;420503826;0,0000%;191.96
13.500.306/0001-59;101664;BRMBRFCTF004;FUNDO DE INVESTIMENTO IMOBILIÁRIO MERCANTIL DO BRASIL - FII;08/04/2011;False;Mandato: RendaSegmento de Atuação: OutrosTipo de Gestão: Ativa;03/2019;Investidores em Geral;2377;120545388;119946157;0,6785%;1179.83
27.602.955/0001-75;365940;;FUNDO DE INVESTIMENTO IMOBILIÁRIO MILLENIUM - FII;10/07/2017;False;Mandato: RendaSegmento de Atuação: Lajes CorporativasTipo de Gestão: Passiva;03/2019;Investidores em Geral;6;33568554;33535702;0,0000%;91.64
31.544.514/0001-31;63666271;0000;FUNDO DE INVESTIMENTO IMOBILIARIO MIRANTE DAS AGUAS;17/12/2018;False;Mandato: Títulos e Valores MobiliáriosSegmento de Atuação: Títulos e Val. Mob.Tipo de Gestão: Ativa;03/2019;Investidor Qualificado e Profissional;2;63667442;63614053;0,0000%;1.0
29.216.463/0001-77;1205927;BRMGFFCTF008;FUNDO DE INVESTIMENTO IMOBILIARIO MOGNO FUNDO DE FUNDOS;27/03/2018;False;Mandato: RendaSegmento de Atuação: Títulos e Val. Mob.Tipo de Gestão: Ativa;03/2019;Investidores em Geral;3165;125443518;120733120;0,7794%;100.12
19.628.741/0001-40;303214000;BRTWNICTF008;FUNDO DE INVESTIMENTO IMOBILIÁRIO MORUMBI TOWN I;03/10/2016;False;Mandato: RendaSegmento de Atuação: HíbridoTipo de Gestão: Ativa;03/2019;Investidor Qualificado;1;324207164;327010063;0,0000%;1.08
23.537.203/0001-17;77850000;BRMVFICTF001;FUNDO DE INVESTIMENTO IMOBILIARIO MV9 - FII;16/10/2015;False;Mandato: RendaSegmento de Atuação: HíbridoTipo de Gestão: Ativa;03/2019;Investidores em Geral;1;153480706;152627676;0,0590%;1.96
23.781.211/0001-04;8813160;0;FUNDO DE INVESTIMENTO IMOBILIÁRIO NORTHWEST INVESTIMENTOS IMOBILIÁRIOS EM SAÚDE FUND I - FII;27/11/2015;False;Mandato: RendaSegmento de Atuação: HospitalTipo de Gestão: Ativa;03/2019;Investidores em Geral;1;1248301343;692228193;1,0737%;78.54
30.091.506/0001-14;1858616;BRFFCICTF005;FUNDO DE INVESTIMENTO IMOBILIARIO NOVA IGUACU - FII;12/01/2000;False;Mandato: RendaSegmento de Atuação: Lajes CorporativasTipo de Gestão: Ativa;03/2019;Investidores em Geral;1;186782813;186684813;0,0000%;100.44
28.516.650/0001-03;533916;BROUCYCTF003;FUNDO DE INVESTIMENTO IMOBILIÁRIO OURINVEST CYRELA FII;02/03/2018;False;Mandato: Títulos e Valores MobiliáriosSegmento de Atuação: Títulos e Val. Mob.Tipo de Gestão: Ativa;03/2019;Investidores em Geral;651;52681732;52195066;0,0000%;97.76
13.974.819/0001-00;1061694;;FUNDO DE INVESTIMENTO IMOBILIÁRIO OURINVEST LOGÍSTICA;23/01/2013;False;Mandato: RendaSegmento de Atuação: OutrosTipo de Gestão: Ativa;03/2019;Investidor Qualificado;204;92250657;91276663;0,9568%;85.97
28.693.595/0001-27;992565;BRWTSPCTF002;FUNDO DE INVESTIMENTO IMOBILIÁRIO OURINVEST RE I;23/02/2018;False;Mandato: RendaSegmento de Atuação: HíbridoTipo de Gestão: Ativa;03/2019;Investidor Qualificado;81;96755240;88082703;0,0000%;88.74
00.613.094/0001-74;758400;BRPABYCTF012;FUNDO DE INVESTIMENTO IMOBILIÁRIO PANAMBY;14/03/1995;False;Mandato: Desenvolvimento para VendaSegmento de Atuação: HíbridoTipo de Gestão: Passiva;03/2019;Investidores em Geral;317;195545130;189190312;0,0000%;249.46
17.161.979/0001-82;791000;BRFPNGCTF005;FUNDO DE INVESTIMENTO IMOBILIÁRIO PEDRA NEGRA RENDA IMOBILIÁRIA;25/10/2012;False;Mandato: RendaSegmento de Atuação: Lajes CorporativasTipo de Gestão: Ativa;03/2019;Investidores em Geral;50;128586834;127690094;0,5564%;161.43
15.098.422/0001-19;1350000;BRVTPLCTF009;FUNDO DE INVESTIMENTO IMOBILIÁRIO PLUS;13/12/2013;False;Mandato: RendaSegmento de Atuação: LogísticaTipo de Gestão: Passiva;03/2019;Investidor Qualificado;56;117830639;115702277;0,9720%;85.71
14.665.312/0001-29;37220027;;FUNDO DE INVESTIMENTO IMOBILIÁRIO POLO ESTOQUE - FII;19/12/2013;False;Mandato: HíbridoSegmento de Atuação: HíbridoTipo de Gestão: Ativa;03/2019;Investidor Qualificado;2;11811837;11469478;0,0000%;0.31
18.497.672/0001-10;44668541;;FUNDO DE INVESTIMENTO IMOBILIARIO POLO ESTOQUE II - FII;08/05/2014;False;Mandato: HíbridoSegmento de Atuação: HíbridoTipo de Gestão: Ativa;03/2019;Investidor Qualificado;2;23463570;17397319;0,0000%;0.39
14.721.889/0001-00;8063667;BRVPSICTF007;FUNDO DE INVESTIMENTO IMOBILIÁRIO POLO SHOPPING INDAIATUBA;20/12/2012;False;Mandato: RendaSegmento de Atuação: ShoppingsTipo de Gestão: Passiva;03/2019;Investidores em Geral;53;148090927;148047420;0,3997%;18.36
27.368.617/0001-10;313495;BRQNTSCTF009;FUNDO DE INVESTIMENTO IMOBILIÁRIO QUINTAS;22/03/2018;True;Mandato: RendaSegmento de Atuação: HíbridoTipo de Gestão: Ativa;03/2019;Investidores em Geral;7;30708223;30631375;0,0000%;97.71
14.088.246/0001-71;230;BRRWYMCTF001;FUNDO DE INVESTIMENTO IMOBILIÁRIO RAILWAY MALL I - FII;30/07/2012;False;Mandato: RendaSegmento de Atuação: ShoppingsTipo de Gestão: Ativa;03/2019;Investidor Qualificado;1;100142565;100108449;;435254.13
03.855.441/0001-63;144210661;0;FUNDO DE INVESTIMENTO IMOBILIÁRIO RB LOGÍSTICA;02/05/2000;False;Mandato: Desenvolvimento para RendaSegmento de Atuação: LogísticaTipo de Gestão: Passiva;03/2019;Investidores em Geral;2;1694453895;60199312;0,0000%;0.42
27.529.279/0001-51;1623931;BRRBRFCTF003;FUNDO DE INVESTIMENTO IMOBILIARIO RBR ALPHA FUNDO DE FUNDOS;14/09/2017;False;Mandato: RendaSegmento de Atuação: Títulos e Val. Mob.Tipo de Gestão: Ativa;03/2019;Investidores em Geral;6525;166483720;162163321;1,8979%;99.86
30.166.700/0001-11;574763;BRFRBRCTF003;FUNDO DE INVESTIMENTO IMOBILIARIO RBR PRIVATE CREDITO IMOBILIARIO;24/05/2018;True;Mandato: RendaSegmento de Atuação: Títulos e Val. Mob.Tipo de Gestão: Ativa;03/2019;Investidor Qualificado;57;59415807;59032930;0,5001%;102.71
21.408.063/0001-51;1346668;0;FUNDO DE INVESTIMENTO IMOBILIARIO RBR PROPERTIES - FII;11/11/2014;True;Mandato: Desenvolvimento para RendaSegmento de Atuação: OutrosTipo de Gestão: Ativa;03/2019;Investidor Qualificado;62;109371352;108563059;;80.62
14.413.342/0001-48;25944;;FUNDO DE INVESTIMENTO IMOBILIÁRIO RENDA CORPORATIVA ANGICO - FII;18/12/2014;False;Mandato: RendaSegmento de Atuação: OutrosTipo de Gestão: Ativa;03/2019;Investidor Qualificado;2;352230432;351980917;;13566.95
03.683.056/0001-86;2170000;BRFFCICTF005;FUNDO DE INVESTIMENTO IMOBILIÁRIO RIO BRAVO RENDA CORPORATIVA;12/01/2000;False;Mandato: RendaSegmento de Atuação: Lajes CorporativasTipo de Gestão: Ativa;03/2019;Investidores em Geral;8209;372486501;371313039;0,2913%;171.11
15.576.907/0001-70;405000;BRAGCXCTF003;FUNDO DE INVESTIMENTO IMOBILIÁRIO RIO BRAVO RENDA VAREJO - FII;01/11/2012;False;Mandato: Desenvolvimento para RendaSegmento de Atuação: OutrosTipo de Gestão: Ativa;03/2019;Investidores em Geral;5388;436920516;432880658;0,7946%;1068.84
15.006.286/0001-90;2676000;BRRNGOCTF003;FUNDO DE INVESTIMENTO IMOBILIÁRIO RIO NEGRO - FII;20/04/2012;False;Mandato: RendaSegmento de Atuação: Lajes CorporativasTipo de Gestão: Passiva;03/2019;Investidores em Geral;12773;252166711;250826112;0,5126%;93.73
15.006.286/0001-90;2676000;BRRNGOCTF003;FUNDO DE INVESTIMENTO IMOBILIÁRIO RIO NEGRO - FII;20/04/2012;False;Mandato: RendaSegmento de Atuação: Lajes CorporativasTipo de Gestão: Passiva;03/2019;Investidores em Geral;12773;252166711;250826112;0,5126%;93.73
12.516.185/0001-70;1060836;;FUNDO DE INVESTIMENTO IMOBILIARIO RM LEBLON CORPORATE;24/07/2013;False;Mandato: RendaSegmento de Atuação: OutrosTipo de Gestão: Ativa;03/2019;Investidores em Geral;48;125099654;56904244;;53.64
09.350.920/0001-04;981472;BRSFNDCTF006;FUNDO DE INVESTIMENTO IMOBILIÁRIO SÃO FERNANDO;28/07/2008;False;Mandato: RendaSegmento de Atuação: Lajes CorporativasTipo de Gestão: Ativa;03/2019;Investidores em Geral;55;106024415;105987119;0,0000%;107.99
12.804.013/0001-00;127800;0;FUNDO DE INVESTIMENTO IMOBILIÁRIO SC 401;25/10/2010;False;Mandato: RendaSegmento de Atuação: Lajes CorporativasTipo de Gestão: Ativa;03/2019;Investidores em Geral;68;221043783;202616589;0,0000%;1585.42
16.671.412/0001-93;3422972;BRSDILCTF004;FUNDO DE INVESTIMENTO IMOBILIARIO SDI RIO BRAVO RENDA LOGÍSTICA - FII;16/11/2012;False;Mandato: RendaSegmento de Atuação: LogísticaTipo de Gestão: Passiva;03/2019;Investidores em Geral;6854;319704844;315727188;0,6800%;92.24
16.671.412/0001-93;3422972;BRSDILCTF004;FUNDO DE INVESTIMENTO IMOBILIARIO SDI RIO BRAVO RENDA LOGÍSTICA - FII;16/11/2012;False;Mandato: RendaSegmento de Atuação: LogísticaTipo de Gestão: Passiva;03/2019;Investidores em Geral;6854;319704844;315727188;0,6800%;92.24
23.538.112/0001-04;33100000;;FUNDO DE INVESTIMENTO IMOBILIARIO SF - FII;16/10/2015;False;Mandato: HíbridoSegmento de Atuação: HíbridoTipo de Gestão: Ativa;03/2019;Investidor Profissional;1;52271505;52058619;0,0000%;1.57
27.538.460/0001-24;23132;0;FUNDO DE INVESTIMENTO IMOBILIÁRIO SHARE STUDENT LIVING;20/12/2017;False;Mandato: Segmento de Atuação: Tipo de Gestão:;03/2019;Investidores em Geral;2;26727983;26691249;0,0000%;1153.87
27.538.460/0001-24;23132;0;FUNDO DE INVESTIMENTO IMOBILIÁRIO SHARE STUDENT LIVING;20/12/2017;False;Mandato: Segmento de Atuação: Tipo de Gestão:;03/2019;Investidores em Geral;2;26727983;26691249;0,0000%;1153.87
27.538.460/0001-24;23132;0;FUNDO DE INVESTIMENTO IMOBILIÁRIO SHARE STUDENT LIVING;20/12/2017;False;Mandato: Segmento de Atuação: Tipo de Gestão:;03/2019;Investidores em Geral;2;26727983;26691249;0,0000%;1153.87
27.538.460/0001-24;23132;0;FUNDO DE INVESTIMENTO IMOBILIÁRIO SHARE STUDENT LIVING;20/12/2017;False;Mandato: Segmento de Atuação: Tipo de Gestão:;03/2019;Investidores em Geral;2;26727983;26691249;0,0000%;1153.87
15.447.110/0001-73;424590000;BRALVSCTF003;FUNDO DE INVESTIMENTO IMOBILIÁRIO SHOPPING CIDADE JARDIM;28/12/2016;False;Mandato: RendaSegmento de Atuação: HíbridoTipo de Gestão: Ativa;03/2019;Investidor Qualificado;1;519556221;515549921;0,0000%;1.21
17.308.805/0001-08;164630;;FUNDO DE INVESTIMENTO IMOBILIARIO SHOPPING LIGHT;03/06/2015;False;Mandato: RendaSegmento de Atuação: HíbridoTipo de Gestão: Ativa;03/2019;Investidor Qualificado;1;269054335;270452364;0,0000%;1642.79
03.507.519/0001-59;608950;BRSHPHCTF008;FUNDO DE INVESTIMENTO IMOBILIÁRIO SHOPPING PÁTIO HIGIENOPOLIS;15/10/1999;False;Mandato: RendaSegmento de Atuação: ShoppingsTipo de Gestão: Passiva;03/2019;Investidores em Geral;2346;432218519;431769623;0,5007%;709.04
16.802.360/0001-47;12600;0;FUNDO DE INVESTIMENTO IMOBILIÁRIO SOFI;03/04/2017;False;Mandato: RendaSegmento de Atuação: HíbridoTipo de Gestão: Ativa;03/2019;Investidor Qualificado;10;55424584;55227872;;4383.16
20.132.453/0001-89;8628009;;FUNDO DE INVESTIMENTO IMOBILIARIO TC BTOWERS - FII TC BTOWERS;26/06/2014;False;Mandato: RendaSegmento de Atuação: OutrosTipo de Gestão: Ativa;03/2019;Investidor Qualificado;18;42727061;42684343;;4.95
25.032.881/0001-53;1082710;0;FUNDO DE INVESTIMENTO IMOBILIÁRIO TG ATIVO REAL;22/09/2017;False;Mandato: HíbridoSegmento de Atuação: OutrosTipo de Gestão: Ativa;03/2019;Investidor Profissional;1926;288398195;132678490;0,0000%;122.54
12.948.291/0001-23;911000;BRONEFCTF003;FUNDO DE INVESTIMENTO IMOBILIÁRIO THE ONE;07/01/2011;False;Mandato: RendaSegmento de Atuação: Lajes CorporativasTipo de Gestão: Ativa;03/2019;Investidores em Geral;1585;101635488;101579404;0,6459%;111.5
23.570.871/0001-46;344497662;;FUNDO DE INVESTIMENTO IMOBILIÁRIO TM - FII;20/10/2015;False;Mandato: HíbridoSegmento de Atuação: HíbridoTipo de Gestão: Ativa;03/2019;Investidor Profissional;1;759021920;317890840;0,0000%;0.92
23.768.027/0001-24;322214000;;FUNDO DE INVESTIMENTO IMOBILIÁRIO TOP CENTER;01/07/2016;False;Mandato: RendaSegmento de Atuação: HíbridoTipo de Gestão: Ativa;03/2019;Investidor Qualificado;1;426064694;423306881;0,0000%;1.31
26.846.280/0001-47;221;0;FUNDO DE INVESTIMENTO IMOBILIÁRIO TORDESILHAS;28/11/2016;False;Mandato: Segmento de Atuação: Tipo de Gestão:;03/2019;Investidor Profissional;1;120692;108402;0,0000%;490.51
26.395.660/0001-02;1880850;0;FUNDO DE INVESTIMENTO IMOBILIÁRIO TOURMALET I;23/12/2016;False;Mandato: HíbridoSegmento de Atuação: OutrosTipo de Gestão: Ativa;03/2019;Investidor Qualificado;254;218885665;218631861;0,0000%;116.24
30.578.316/0001-26;10000;0;FUNDO DE INVESTIMENTO IMOBILIÁRIO TOURMALET II;03/09/2018;False;Mandato: HíbridoSegmento de Atuação: OutrosTipo de Gestão: Ativa;03/2019;Investidor Qualificado;145;84630746;84319197;0,0000%;8431.92
08.693.497/0001-82;550084;BRVERECTF002;FUNDO DE INVESTIMENTO IMOBILIARIO VEREDA - FII;31/05/2007;False;Mandato: RendaSegmento de Atuação: HíbridoTipo de Gestão: Ativa;03/2019;Investidores em Geral;53;143793367;142570789;0,6193%;259.18
00.332.266/0001-31;2749208;BRFVPQCTF015;FUNDO DE INVESTIMENTO IMOBILIÁRIO VIA PARQUE SHOPPING - FII;24/11/1994;False;Mandato: RendaSegmento de Atuação: ShoppingsTipo de Gestão: Passiva;03/2019;Investidores em Geral;2238;521245835;518676435;0,3242%;188.66
17.854.016/0001-64;9412630;BRFIVNCTF009;FUNDO DE INVESTIMENTO IMOBILIÁRIO VIDA NOVA - FII;01/07/2014;False;Mandato: RendaSegmento de Atuação: ShoppingsTipo de Gestão: Passiva;03/2019;Investidores em Geral;695;86731760;81687927;0,0000%;8.68
10.348.185/0001-83;1057971;BRVBRECTF008;FUNDO DE INVESTIMENTO IMOBILIÁRIO VOTORANTIM SECURITIES II;18/08/2010;False;Mandato: Títulos e Valores MobiliáriosSegmento de Atuação: Títulos e Val. Mob.Tipo de Gestão: Ativa;03/2019;Investidor Qualificado;579;1104686695;1058492836;0,4432%;1000.49
20.265.467/0001-70;206261;;FUNDO DE INVESTIMENTO IMOBILIÁRIO VOTORANTIM BERLIM;17/12/2014;True;Mandato: Desenvolvimento para RendaSegmento de Atuação: OutrosTipo de Gestão: Ativa;03/2019;Investidor Qualificado;50;43499594;39660373;0,0000%;192.28
23.120.006/0001-06;1676785;BRVTPACTF002;FUNDO DE INVESTIMENTO IMOBILIÁRIO VOTORANTIM BII BTS-FII;09/08/2016;True;Mandato: Desenvolvimento para RendaSegmento de Atuação: HíbridoTipo de Gestão: Ativa;03/2019;Investidor Qualificado;6;152873628;152760827;0,0000%;91.1
27.368.600/0001-63;2115000;BRVTLTCTF001;FUNDO DE INVESTIMENTO IMOBILIÁRIO VOTORANTIM LOGÍSTICA;15/12/2017;False;Mandato: RendaSegmento de Atuação: LogísticaTipo de Gestão: Ativa;03/2019;Investidor Qualificado;215;205428903;205258659;0,7128%;97.05
21.500.481/0001-74;650000;BRVTPACTF002;FUNDO DE INVESTIMENTO IMOBILIÁRIO VOTORANTIM PATRIMONIAL V;18/11/2016;True;Mandato: RendaSegmento de Atuação: OutrosTipo de Gestão: Ativa;03/2019;Investidor Qualificado;1;71983071;71929054;0,7864%;110.66
23.740.552/0001-31;103500;BRVTXICTF009;FUNDO DE INVESTIMENTO IMOBILIARIO VOTORANTIM PATRIMONIAL XII;06/04/2016;True;Mandato: Desenvolvimento para VendaSegmento de Atuação: HíbridoTipo de Gestão: Ativa;03/2019;Investidor Profissional;1;9783221;9724349;0,0000%;93.96
10.347.505/0001-80;193519;BRVSECCTF004;FUNDO DE INVESTIMENTO IMOBILIÁRIO VOTORANTIM SECURITIES;14/01/2010;False;Mandato: Títulos e Valores MobiliáriosSegmento de Atuação: Títulos e Val. Mob.Tipo de Gestão: Ativa;03/2019;Investidor Qualificado;215;196838925;193614511;0,4432%;1000.49
14.422.044/0001-14;204803;BRVTRTCTF008;FUNDO DE INVESTIMENTO IMOBILIÁRIO VOTORANTIM SECURITIES III;26/10/2011;False;Mandato: Títulos e Valores MobiliáriosSegmento de Atuação: Títulos e Val. Mob.Tipo de Gestão: Ativa;03/2019;Investidor Qualificado;310;214162835;207953423;0,0000%;1015.38
23.740.595/0001-17;2098800;BRVSHOCTF002;FUNDO DE INVESTIMENTO IMOBILIÁRIO VOTORANTIM SHOPPING;30/08/2018;False;Mandato: RendaSegmento de Atuação: ShoppingsTipo de Gestão: Ativa;03/2019;Investidor Qualificado;180;213853931;213172925;0,5905%;101.57
01.601.918/0001-59;500000;BRFTLZCTF001;FUNDO FORTALEZA INVESTIMENTO IMOBILIÁRIO;14/01/1997;False;Mandato: RendaSegmento de Atuação: HíbridoTipo de Gestão: Ativa;03/2019;Investidores em Geral;8;67274725;66689792;0,0000%;133.38
22.340.978/0001-35;72;;G5 JOMAFIL - FUNDO DE INVESTIMENTO IMOBILIARIO - FII;13/01/2016;True;Mandato: HíbridoSegmento de Atuação: HíbridoTipo de Gestão: Ativa;03/2019;Investidor Qualificado e Profissional;3;229184231;229090677;0,0000%;3181814.96
11.769.604/0001-13;69085267;0;GENERAL SHOPPING E OUTLETS DO BRASIL FUNDO DE INVESTIMENTO IMOBILIÁRIO - FII;30/09/2013;False;Mandato: RendaSegmento de Atuação: ShoppingsTipo de Gestão: Passiva;03/2019;Investidor Qualificado;1;630628150;630619268;;9.13
26.614.291/0001-00;6503028;BRGGRCCTF002;GGR COVEPI RENDA FUNDO DE INVESTIMENTO IMOBILIÁRIO;11/01/2017;False;Mandato: HíbridoSegmento de Atuação: LogísticaTipo de Gestão: Ativa;03/2019;Investidores em Geral;34218;761978632;754889794;;116.08
24.069.712/0001-25;0;0;GGR ESTRATÉGIA FUNDO DE INVESTIMENTO IMOBILIÁRIO;23/08/2017;False;Mandato: HíbridoSegmento de Atuação: HíbridoTipo de Gestão: Ativa;03/2019;Investidores em Geral;0;0;0;;0.0
26.191.053/0001-20;158460;0;GOLDEN WEST VX FUNDO DE INVESTIMENTO IMOBILIARIO;28/12/2016;True;Mandato: HíbridoSegmento de Atuação: OutrosTipo de Gestão: Ativa;03/2019;Investidor Profissional;1;18427570;18391435;0,0000%;116.06
18.929.051/0001-68;265;;GOODMAN PATRIMONIAL I FUNDO DE INVESTIMENTO IMOBILIARIO - FII;03/05/2014;False;Mandato: RendaSegmento de Atuação: OutrosTipo de Gestão: Ativa;03/2019;Investidor Qualificado;1;126080898;194439;;733.73
23.426.470/0001-17;2034028;;GOODMAN PATRIMONIAL II FUNDO DE INVESTIMENTO IMOBILIÁRIO - FII;03/02/2016;False;Mandato: RendaSegmento de Atuação: OutrosTipo de Gestão: Ativa;03/2019;Investidor Profissional;1;215140157;13869018;;6.82
30.871.716/0001-25;30000;;GREEN ROCK - FUNDO DE INVESTIMENTO IMOBILIÁRIO;03/05/2014;False;Mandato: RendaSegmento de Atuação: HíbridoTipo de Gestão: Ativa;03/2019;Investidor Qualificado;2;29960725;29944385;;998.15
27.771.586/0001-44;11678533;;GRUPO RCFA FUNDO DE INVESTIMENTO IMOBILIARIO;26/07/2018;True;Mandato: Desenvolvimento para VendaSegmento de Atuação: HíbridoTipo de Gestão: Passiva;03/2019;Investidor Profissional;1;19394247;19363175;0,0000%;1.66
14.631.148/0001-39;928908;BRATCCTF008;HAZ FUNDO DE INVESTIMENTO IMOBILIÁRIO;01/04/2012;True;Mandato: Títulos e Valores MobiliáriosSegmento de Atuação: Títulos e Val. Mob.Tipo de Gestão: Ativa;03/2019;Investidor Qualificado e Profissional;33;70538738;70413161;;75.8
30.248.180/0001-96;9414;0;HECTARE CE - FUNDO DE INVESTIMENTO IMOBILIÁRIO;19/09/2018;False;Mandato: HíbridoSegmento de Atuação: OutrosTipo de Gestão: Ativa;03/2019;Investidor Qualificado;3;10267504;10217393;0,0000%;1085.34
12.809.972/0001-00;1715200;BRATSACTF000;HEDGE ATRIUM SHOPPING SANTO ANDRÉ FUNDO DE INVESTIMENTO IMOBILIÁRIO;23/03/2011;False;Mandato: Desenvolvimento para RendaSegmento de Atuação: ShoppingsTipo de Gestão: Passiva;03/2019;Investidor Qualificado;88;185657867;185538036;0,0000%;108.17
08.431.747/0001-06;5374920;BRHGBSCTF000;HEDGE BRASIL SHOPPING FUNDO DE INVESTIMENTO IMOBILIÁRIO;28/12/2006;False;Mandato: RendaSegmento de Atuação: ShoppingsTipo de Gestão: Ativa;03/2019;Investidores em Geral;20488;1557338539;1205399692;0,7222%;224.26
16.929.519/0001-99;7587125;;HEDGE REALTY DEVELOPMENT FUNDO DE INVESTIMENTO IMOBILIÁRIO;20/12/2013;False;Mandato: Desenvolvimento para VendaSegmento de Atuação: HíbridoTipo de Gestão: Ativa;03/2019;Investidor Qualificado;50;96870267;96802745;0,0000%;12.76
14.733.211/0001-48;382017;BRHMOCCTF005;HEDGE SHOPPING PRAÇA DA MOÇA FUNDO DE INVESTIMENTO IMOBILIÁRIO;02/12/2011;False;Mandato: RendaSegmento de Atuação: ShoppingsTipo de Gestão: Passiva;03/2019;Investidor Qualificado;217;69403373;68830168;0,7482%;180.18
16.875.388/0001-04;1196040;BRFOFTCTF007;HEDGE TOP FOFII 2 FUNDO DE INVESTIMENTO IMOBILIÁRIO;10/05/2013;False;Mandato: Títulos e Valores MobiliáriosSegmento de Atuação: Títulos e Val. Mob.Tipo de Gestão: Ativa;03/2019;Investidores em Geral;410;116775088;114861846;0,5793%;96.04
18.307.582/0001-19;2468390;BRHFOFCTF002;HEDGE TOP FOFII 3 FUNDO DE INVESTIMENTO IMOBILIÁRIO;08/07/2013;False;Mandato: Títulos e Valores MobiliáriosSegmento de Atuação: Títulos e Val. Mob.Tipo de Gestão: Ativa;03/2019;Investidores em Geral;4688;251938849;242210097;1,0264%;98.12
20.834.884/0001-97;850530;BRTFOFCTF007;HEDGE TOP FOFII FUNDO DE INVESTIMENTO IMOBILIÁRIO;17/10/2014;False;Mandato: Títulos e Valores MobiliáriosSegmento de Atuação: Títulos e Val. Mob.Tipo de Gestão: Ativa;03/2019;Investidor Qualificado;174;114617215;107984755;1,1911%;126.96
30.017.492/0001-99;8650;0;HUSI FUNDO DE INVESTIMENTO IMOBILIÁRIO;12/03/2018;False;Mandato: Desenvolvimento para RendaSegmento de Atuação: HospitalTipo de Gestão: Ativa;03/2019;Investidores em Geral;1;8405428;8347422;;965.02
15.463.207/0001-70;10000;0;INHAÚMA FUNDO DE INVESTIMENTO IMOBILIÁRIO - FII;05/04/2013;True;Mandato: Segmento de Atuação: Tipo de Gestão:;03/2019;Investidor Qualificado;1;433078909;26186561;0,0000%;2618.66
15.447.108/0001-02;1089450000;BRISSHCTF000;INTERNACIONAL SHOPPING FUNDO DE INVESTIMENTO IMOBILIÁRIO;01/03/2018;False;Mandato: RendaSegmento de Atuação: HíbridoTipo de Gestão: Ativa;03/2019;Investidor Qualificado;1;1301127601;1296872875;0,0000%;1.19
21.917.235/0001-12;130406;;IPS PB - FUNDO DE INVESTIMENTO IMOBILIÁRIO - FII;04/03/2015;False;Mandato: RendaSegmento de Atuação: ShoppingsTipo de Gestão: Ativa;03/2019;Investidor Qualificado;1;384832365;200195714;;1535.17
21.500.500/0001-62;1722169;BRIRBLCTF000;IRB INTERNACIONAL FUNDO DE INVESTIMENTO IMOBILIARIO - FII;11/09/2015;True;Mandato: RendaSegmento de Atuação: ShoppingsTipo de Gestão: Ativa;03/2019;Investidor Qualificado;1;320192286;320072613;0,3549%;185.85
10.410.463/0001-85;1000000;0;ITACOATIARA FUNDO DE INVESTIMENTO IMOBILÁRIO;21/12/2010;False;Mandato: HíbridoSegmento de Atuação: OutrosTipo de Gestão: Ativa;03/2019;Investidor Qualificado;1;59030769;59011769;;59.01
22.646.161/0001-90;278761;;IZAR FUNDO DE INVESTIMENTO IMOBILIÁRIO - FII;04/04/2016;False;Mandato: HíbridoSegmento de Atuação: ResidencialTipo de Gestão: Passiva;03/2019;Investidor Profissional;4;185948830;182545069;0,0000%;654.84
16.915.868/0001-51;1254164;BRRBBVCTF004;JHSF RIO BRAVO FAZENDA BOA VISTA CAPITAL PROTEGIDO FUNDO DE INVESTIMENTO IMOBILIARIO - FII;17/07/2013;False;Mandato: HíbridoSegmento de Atuação: Títulos e Val. Mob.Tipo de Gestão: Passiva;03/2019;Investidores em Geral;2546;126039812;125957203;0,5024%;100.43
17.198.404/0001-34;16;************;JIVE ATIVOS IMOBILIÁRIOS FUNDO DE INVESTIMENTO IMOBILIÁRIO;03/04/2017;False;Mandato: RendaSegmento de Atuação: HíbridoTipo de Gestão: Ativa;03/2019;Investidor Qualificado;1;6462897;6454076;0,0000%;403379.75
26.642.834/0001-94;54775647;************;JIVE ATIVOS IMOBILIÁRIOS II - FUNDO DE INVESTIMENTO IMOBILIÁRIO;01/08/2018;False;Mandato: RendaSegmento de Atuação: HíbridoTipo de Gestão: Ativa;03/2019;Investidor Profissional;1;62296151;62287820;0,0000%;1.14
30.982.880/0001-00;149528;0;JPP ALLOCATON MOGNO FUNDO DE INVESTIMENTO IMOBILIÁRIO;14/12/2018;False;Mandato: Títulos e Valores MobiliáriosSegmento de Atuação: Títulos e Val. Mob.Tipo de Gestão: Ativa;03/2019;Investidores em Geral;13;15346743;15324374;0,0000%;102.48
17.216.625/0001-98;55000;BRJPPCCTF001;JPP CAPITAL FUNDO DE INVESTIMENTO IMOBILIÁRIO - FII;22/04/2013;False;Mandato: Desenvolvimento para VendaSegmento de Atuação: HíbridoTipo de Gestão: Ativa;03/2019;Investidores em Geral;64;38060885;35410674;;643.83
11.268.335/0001-01;156;BRJPPDCTF009;JPP FII - FII;02/01/2012;False;Mandato: HíbridoSegmento de Atuação: HíbridoTipo de Gestão: Ativa;03/2019;Investidor Qualificado;1;145834034;140723033;0,0000%;902070.72
13.371.132/0001-71;8081791;BRJSRECTF007;JS REAL ESTATE MULTIGESTÃO - FII;06/06/2011;False;Mandato: HíbridoSegmento de Atuação: HíbridoTipo de Gestão: Ativa;03/2019;Investidores em Geral;22427;907423087;896492296;0,5129%;110.93
23.876.086/0001-16;214674;BRJTPRCTF001;JT PREV FUNDO DE INVESTIMENTO IMOBILIÁRIO D. HAB;16/11/2016;False;Mandato: Desenvolvimento para VendaSegmento de Atuação: ResidencialTipo de Gestão: Ativa;03/2019;Investidores em Geral;7;26229451;26166330;;121.89
30.816.679/0001-52;2000;BR003HCTF006;KINEA CO-INVESTIMENTO FUNDO DE INVESTIMENTO IMOBILIÁRIO;22/03/2019;False;Mandato: Títulos e Valores MobiliáriosSegmento de Atuação: Títulos e Val. Mob.Tipo de Gestão: Ativa;03/2019;Investidor Qualificado;2;2000233;1985833;0,0000%;992.92
30.130.708/0001-28;4000000;BRKNHYCTF005;KINEA HIGH YIELD CRI FUNDO DE INVESTIMENTO IMOBILIÁRIO - FII;03/07/2018;False;Mandato: Títulos e Valores MobiliáriosSegmento de Atuação: Títulos e Val. Mob.Tipo de Gestão: Ativa;03/2019;Investidor Qualificado;1505;420205924;416747306;0,7009%;104.19
14.423.780/0001-97;18547161;BRKNRECTF006;KINEA II REAL ESTATE EQUITY FII;01/12/2011;False;Mandato: Desenvolvimento para VendaSegmento de Atuação: ResidencialTipo de Gestão: Ativa;03/2019;Investidor Qualificado;2872;128736262;125928396;0,0840%;6.79
24.960.430/0001-13;17450886;BRKNIPCTF001;KINEA ÍNDICES DE PREÇOS FUNDO DE INVESTIMENTO IMOBILIÁRIO - FII;16/09/2016;False;Mandato: Títulos e Valores MobiliáriosSegmento de Atuação: Títulos e Val. Mob.Tipo de Gestão: Ativa;03/2019;Investidor Qualificado;12169;1880546924;1864951956;0,7587%;106.87
12.005.956/0001-65;17932090;BRKNRICTF007;KINEA RENDA IMOBILIÁRIA - FII;11/08/2010;False;Mandato: RendaSegmento de Atuação: HíbridoTipo de Gestão: Ativa;03/2019;Investidores em Geral;60256;2631168547;2583429695;0,5139%;144.07
16.706.958/0001-32;34902454;BRKNCRCTF000;KINEA RENDIMENTOS IMOBILIARIOS FUNDO DE INVESTIMENTO IMOBILIARIO - FII;15/10/2012;False;Mandato: Títulos e Valores MobiliáriosSegmento de Atuação: Títulos e Val. Mob.Tipo de Gestão: Ativa;03/2019;Investidor Qualificado;38105;3673356205;3652101296;0,4970%;104.64
31.524.769/0001-32;2286513;000000;KODY FUNDO DE INVESTIMENTO IMOBILIARIO;20/08/2018;False;Mandato: Títulos e Valores MobiliáriosSegmento de Atuação: Títulos e Val. Mob.Tipo de Gestão: Ativa;03/2019;Investidor Qualificado;13;31238982;31203182;0,0000%;13.65
19.249.956/0001-50;14350;BRICTUCTF005;LA DÉFENSE FUNDO DE INVESTIMENTO IMOBILIÁRIO - FII;26/08/2014;False;Mandato: RendaSegmento de Atuação: Lajes CorporativasTipo de Gestão: Passiva;03/2019;Investidores em Geral;51;15076236;14902341;0,0000%;1038.49
21.398.200/0001-14;585218;0;LA SHOPPING CENTERS FUNDO DE INVESTIMENTO IMOBILIARIO;03/11/2014;True;Mandato: Títulos e Valores MobiliáriosSegmento de Atuação: HíbridoTipo de Gestão: Ativa;03/2019;Investidor Qualificado;4;226260104;214786458;;367.02
20.717.355/0001-03;66857;BRRFIICTF007;LA SHOPPING CENTERS II FUNDO DE INVESTIMENTO IMOBILIARIO;14/09/2014;True;Mandato: Títulos e Valores MobiliáriosSegmento de Atuação: HíbridoTipo de Gestão: Ativa;03/2019;Investidores em Geral;1;57010744;55705043;;833.2
01.356.517/0001-80;56701;0;LAGRA FII;12/08/1996;True;Mandato: Desenvolvimento para RendaSegmento de Atuação: OutrosTipo de Gestão: Passiva;03/2019;Investidores em Geral;6;247586480;151101389;;2664.88
17.209.378/0001-00;124104;BRLATRCTF009;LATERES FUNDO DE INVESTIMENTO IMOBILIÁRIO - FII;05/02/2013;False;Mandato: Desenvolvimento para VendaSegmento de Atuação: ResidencialTipo de Gestão: Ativa;03/2019;Investidor Qualificado;140;90082226;87608179;0,0000%;705.93
19.722.048/0001-31;652500;BRLOFTCTF005;LOFT I FUNDO DE INVESTIMENTO IMOBILIÁRIO;27/08/2018;False;Mandato: HíbridoSegmento de Atuação: ResidencialTipo de Gestão: Ativa;03/2019;Investidor Qualificado;1;66253672;65349540;0,0000%;100.15
24.796.967/0001-90;240250;************;LOFT II MAISON SÃO PAULO FUNDO DE INVESTIMENTO IMOBILIÁRIO;27/09/2018;False;Mandato: HíbridoSegmento de Atuação: ResidencialTipo de Gestão: Ativa;03/2019;Investidor Qualificado;2;24576548;24542672;0,0000%;102.15
02.508.235/0001-14;17100;BRLGVTCTF016;LOGINVEST FUNDO DE INVESTIMENTO IMOBILIÁRIO INDUSTRIAL;10/06/1998;False;Mandato: RendaSegmento de Atuação: LogísticaTipo de Gestão: Ativa;03/2019;Investidores em Geral;6;85634395;85434507;0,9000%;4996.17
30.579.348/0001-46;156108;BRDMACCTF003;MAC FUNDO DE INVESTIMENTO IMOBILIÁRIO;31/08/2018;False;Mandato: Desenvolvimento para VendaSegmento de Atuação: ResidencialTipo de Gestão: Passiva;03/2019;Investidor Qualificado;112;203343598;203243564;0,4646%;1301.94
17.568.605/0001-86;241405927;BRSHPGCTF000;MAIS SHOPPING FUNDO DE INVESTIMENTO IMOBILIÁRIO;03/10/2016;False;Mandato: RendaSegmento de Atuação: HíbridoTipo de Gestão: Ativa;03/2019;Investidor Qualificado;1;401016921;386417947;0,0000%;1.6
26.499.833/0001-32;2636769;BRMALLCTF007;MALLS BRASIL PLURAL FUNDO DE INVESTIMENTO IMOBILIÁRIO;14/12/2017;False;Mandato: RendaSegmento de Atuação: ShoppingsTipo de Gestão: Ativa;03/2019;Investidores em Geral;22075;291300272;289396116;0,6271%;109.75
97.521.225/0001-25;31482823;BRMXRFCTF008;MAXI RENDA FUNDO DE INVESTIMENTO IMOBILIARIO - FII;04/07/2011;False;Mandato: RendaSegmento de Atuação: HíbridoTipo de Gestão: Ativa;03/2019;Investidores em Geral;44043;294764760;291897852;0,0000%;9.27
16.915.968/0001-88;2002613;BRMFIICTF008;MERITO DESENVOLVIMENTO IMOBILIARIO I FII - FUNDO DE INVESTIMENTO IMOBILIARIO;06/03/2013;False;Mandato: HíbridoSegmento de Atuação: HíbridoTipo de Gestão: Ativa;03/2019;Investidores em Geral;9732;204432364;200370797;1,1540%;100.05
20.003.001/0001-05;19746;BRMKENCTF007;MIKEONE FUNDO DE INVESTIMENTO IMOBILIÁRIO;04/08/2014;True;Mandato: RendaSegmento de Atuação: HíbridoTipo de Gestão: Passiva;03/2019;Investidor Qualificado;1;125739698;36453128;1,8050%;1846.1
22.957.521/0001-74;55727500;BRPRTSCTF002;MULTI PROPERTIES FUNDO DE INVESTIMENTO IMOBILIÁRIO - FII;20/12/2016;False;Mandato: RendaSegmento de Atuação: HíbridoTipo de Gestão: Ativa;03/2019;Investidor Qualificado;11;21497002;21325527;0,0000%;0.38
22.459.737/0001-00;1200000;BRSHOPCTF004;MULTI SHOPPINGS FUNDO DE INVESTIMENTO IMOBILIARIO - FII;16/07/2015;False;Mandato: RendaSegmento de Atuação: ShoppingsTipo de Gestão: Ativa;03/2019;Investidores em Geral;10;173272223;173046860;-0,3404%;144.21
10.456.810/0001-00;463277;BRDRITCF009;MULTIGESTÃO RENDA COMERCIAL FUNDO DE INVESTIMENTO IMOBILIÁRIO - FII;24/10/2008;False;Mandato: RendaSegmento de Atuação: Lajes CorporativasTipo de Gestão: Ativa;03/2019;Investidores em Geral;272;58816208;58040582;0,5114%;125.28
30.495.165/0001-42;393000;0;NE Logistic Fundo de Investimento Imobiliário;30/10/2018;False;Mandato: HíbridoSegmento de Atuação: OutrosTipo de Gestão: Ativa;03/2019;Investidor Qualificado;3;548233755;531150318;0,0000%;1351.53
24.774.904/0001-32;37428;;NF CAPITAL FUNDO DE INVESTIMENTO IMOBILIÁRIO;22/09/2017;False;Mandato: Segmento de Atuação: Tipo de Gestão:;03/2019;Investidor Profissional;1;36723056;36503416;;975.3
17.786.606/0001-05;18738;;NF CAPITAL II FUNDO DE INVESTIMENTO IMOBILIÁRIO;17/04/2017;True;Mandato: Segmento de Atuação: Tipo de Gestão:;03/2019;Investidor Profissional;1;121326228;120940207;;6454.28
23.179.381/0001-13;88300;;NIHAL FUNDO DE INVESTIMENTO IMOBILIÁRIO FII;08/04/2016;False;Mandato: HíbridoSegmento de Atuação: HíbridoTipo de Gestão: Ativa;03/2019;Investidor Profissional;1;65073137;65036397;0,0000%;736.54
22.003.469/0001-17;337400;************;NOVA I - FUNDO DE INVESTIMENTO IMOBILIARIO - FII;31/12/2018;False;Mandato: HíbridoSegmento de Atuação: HíbridoTipo de Gestão: Ativa;03/2019;Investidor Qualificado;7;171819587;50027621;0,6006%;148.27
12.811.222/0001-73;125512;;OAR - FUNDO DE INVESTIMENTO IMOBILIÁRIO;30/12/2012;False;Mandato: RendaSegmento de Atuação: OutrosTipo de Gestão: Ativa;03/2019;Investidor Qualificado;1;105110121;103444913;;824.18
27.293.689/0001-46;6651;;OLAVSEN FUNDO DE INVESTIMENTO IMOBILIÁRIO;24/07/2017;False;Mandato: Desenvolvimento para RendaSegmento de Atuação: HíbridoTipo de Gestão: Ativa;03/2019;Investidor Qualificado;7;6331234;6278028;0,0000%;943.92
01.235.622/0001-61;753397;BRFTCECTF005;OPPORTUNITY FUNDO DE INVESTIMENTO IMOBILIÁRIO;07/10/1996;True;Mandato: HíbridoSegmento de Atuação: HíbridoTipo de Gestão: Ativa;03/2019;Investidor Profissional;52;2476773919;2078332829;0,0000%;2758.62
13.000.836/0001-38;23;0;OSASCO PROPERTIES FUNDO DE INVESTIMENTO IMOBILIÁRIO;01/03/2018;False;Mandato: RendaSegmento de Atuação: OutrosTipo de Gestão: Ativa;03/2019;Investidor Qualificado;32;433482428;420571867;;18285733.35
13.000.836/0001-38;23;0;OSASCO PROPERTIES FUNDO DE INVESTIMENTO IMOBILIÁRIO;01/03/2018;False;Mandato: RendaSegmento de Atuação: OutrosTipo de Gestão: Ativa;03/2019;Investidor Qualificado;32;433482428;420571867;;18285733.35
26.091.656/0001-50;720000;BROUJPCTF006;OURINVEST JPP FUNDO DE INVESTIMENTO IMOBILIÁRIO- FII;17/01/2017;False;Mandato: Títulos e Valores MobiliáriosSegmento de Atuação: Títulos e Val. Mob.Tipo de Gestão: Ativa;03/2019;Investidores em Geral;384;75283159;74552542;0,8754%;103.55
19.107.604/0001-60;290000;BRORPDCTF005;OURO PRETO DESENVOLVIMENTO IMOBILIARIO I FUNDO DE INVESTIMENTO IMOBILIARIO - FII;29/03/2016;False;Mandato: Títulos e Valores MobiliáriosSegmento de Atuação: Títulos e Val. Mob.Tipo de Gestão: Ativa;03/2019;Investidores em Geral;7;36493094;36429702;;125.62
14.465.810/0001-28;56836574;0;PACALU FUNDO DE INVESTIMENTO IMOBILIÁRIO;21/12/2010;False;Mandato: RendaSegmento de Atuação: HíbridoTipo de Gestão: Ativa;03/2019;Investidor Qualificado;2;251938467;251560629;;4.43
21.500.514/0001-86;1780984;BRVTVICTF003;PARKING PARTNERS FUNDO DE INVESTIMENTO IMOBILIARIO - FII;11/06/2016;True;Mandato: RendaSegmento de Atuação: OutrosTipo de Gestão: Ativa;03/2019;Investidor Profissional;1;60844768;60742117;0,9950%;34.11
14.056.001/0001-62;51699979;BRPRSNCTF005;PERSONALE I FUNDO DE INVESTIMENTO IMOBILIÁRIO - FII;19/08/2011;False;Mandato: Desenvolvimento para VendaSegmento de Atuação: ResidencialTipo de Gestão: Ativa;03/2019;Investidor Qualificado;79;38572920;35681594;0,0000%;0.69
17.655.102/0001-48;29;;PESCARA FUNDO DE INVESTIMENTO IMOBILIARIO - FII;22/10/2013;False;Mandato: RendaSegmento de Atuação: OutrosTipo de Gestão: Ativa;03/2019;Investidor Qualificado;1;53517394;53394039;;1841173.76
20.118.492/0001-21;10000;000000;PLATINUM FUNDO DE INVESTIMENTO IMOBILIÁRIO;03/08/2016;False;Mandato: Títulos e Valores MobiliáriosSegmento de Atuação: Títulos e Val. Mob.Tipo de Gestão: Ativa;03/2019;Investidor Qualificado;7;91761294;90141774;0,0000%;9014.18
14.080.689/0001-16;954304;BRPLRICTF000;POLO FII - FII RECEBÍVEIS IMOBILIÁRIOS I;31/10/2011;False;Mandato: Títulos e Valores MobiliáriosSegmento de Atuação: Títulos e Val. Mob.Tipo de Gestão: Ativa;03/2019;Investidor Qualificado;662;94400872;73402996;0,1922%;76.92
17.156.502/0001-09;1000000;BRPORDCTF005;POLO FUNDO DE INVESTIMENTO IMOBILIARIO - RECEBIVEIS IMOBILIARIOS II - FII;12/12/2012;False;Mandato: Títulos e Valores MobiliáriosSegmento de Atuação: Títulos e Val. Mob.Tipo de Gestão: Ativa;03/2019;Investidor Qualificado;883;104162927;104089586;0,0000%;104.09
30.258.790/0001-70;1800;;PRAZO - FUNDO DE INVESTIMENTO IMOBILIÁRIO - FII;08/02/2019;False;Mandato: HíbridoSegmento de Atuação: HíbridoTipo de Gestão: Ativa;03/2019;Investidor Qualificado;2;1809368;1799141;0,0000%;999.52
23.964.908/0001-10;542458;BR00KGCTF006;PRIME 16 -FUNDO DE INVESTIMENTO IMOBILIÁRIO;04/01/2016;True;Mandato: Desenvolvimento para VendaSegmento de Atuação: HíbridoTipo de Gestão: Passiva;03/2019;Investidor Profissional;1;403194566;401309358;;739.8
31.962.875/0001-06;2326380;BRPBLVCTF007;PROLOGIS BRAZIL LOGISTICS VENTURE FUNDO DE INVESTIMENTO IMOBILIÁRIO;07/08/2013;False;Mandato: HíbridoSegmento de Atuação: LogísticaTipo de Gestão: Ativa;03/2019;Investidor Profissional;2;2499450948;2352372999;;1011.17
13.125.823/0001-95;316;;PSG - FUNDO DE INVESTIMENTO IMOBILIÁRIO;26/11/2014;False;Mandato: RendaSegmento de Atuação: OutrosTipo de Gestão: Ativa;03/2019;Investidor Qualificado;1;51403871;7556355;;23912.52
18.570.740/0001-29;7674;;QUORUM HASTA - FUNDO DE INVESTIMENTO IMOBILARIO - FII;05/08/2014;False;Mandato: RendaSegmento de Atuação: OutrosTipo de Gestão: Ativa;03/2019;Investidor Qualificado;12;4533942;4507305;;587.35
12.978.943/0001-72;610100;;RB CAPITAL ANHANGUERA FUNDO DE INVESTIMENTO IMOBILIÁRIO - FII;07/04/2011;False;Mandato: RendaSegmento de Atuação: OutrosTipo de Gestão: Passiva;03/2019;Investidor Qualificado e Profissional;2;404564088;48181462;;78.97
11.945.604/0001-27;126523;BRRBDSCTF006;RB CAPITAL DESENVOLVIMENTO RESIDENCIAL II FUNDO DE INVESTIMENTO IMOBILIARIO - FII;27/09/2010;False;Mandato: Desenvolvimento para VendaSegmento de Atuação: ResidencialTipo de Gestão: Ativa;03/2019;Investidor Qualificado;644;27144446;22226135;2,5596%;175.67
13.652.006/0001-95;1078000;BRRBGSCTF009;RB CAPITAL GENERAL SHOPPING SULACAP FII;25/08/2011;False;Mandato: RendaSegmento de Atuação: ShoppingsTipo de Gestão: Passiva;03/2019;Investidores em Geral;1981;100242643;100020667;0,1887%;92.78
13.568.181/0001-07;54288;0;RB CAPITAL PATRIMONIAL V FUNDO DE INVESTIMENTO IMOBILIARIO - FII;30/05/2011;False;Mandato: Segmento de Atuação: Tipo de Gestão:;03/2019;Investidor Qualificado e Profissional;1;80757310;659741;;12.15
18.330.535/0001-96;474468;BRRBCACTF006;RB CAPITAL PETROS FUNDO DE INVESTIMENTO IMOBILIÁRIO - FII;23/09/2013;True;Mandato: RendaSegmento de Atuação: HíbridoTipo de Gestão: Ativa;03/2019;Investidor Qualificado;1;226102732;224677776;0,5104%;473.54
08.696.175/0001-97;927162;0;RB CAPITAL RENDA I FUNDO DE INVESTIMENTO IMOBILIARIO - FII;30/01/2007;False;Mandato: RendaSegmento de Atuação: HíbridoTipo de Gestão: Ativa;03/2019;Investidores em Geral;5146;178781167;178607730;0,6219%;192.64
09.006.914/0001-34;1851786;BRRBRDCTF008;RB CAPITAL RENDA II FUNDO DE INVESTIMENTO IMOBILIÁRIO - FII;13/08/2007;False;Mandato: RendaSegmento de Atuação: HíbridoTipo de Gestão: Ativa;03/2019;Investidores em Geral;4430;146004516;144289598;0,7807%;77.92
26.511.274/0001-39;60014;BRRCRICTF005;RB CAPITAL RENDIMENTOS IMOBILIARIOS FUNDO DE INVESTIMENTO IMOBILIARIO - FII;15/08/2018;False;Mandato: Títulos e Valores MobiliáriosSegmento de Atuação: HíbridoTipo de Gestão: Ativa;03/2019;Investidor Qualificado;142;61379594;61232256;0,0000%;1020.3
29.299.737/0001-39;7905;BRRBTSCF002;RB CAPITAL TFO SITUS FUNDO DE INVESTIMENTO IMOBILIÁRIO - FII;30/07/2018;False;Mandato: HíbridoSegmento de Atuação: OutrosTipo de Gestão: Ativa;03/2019;Investidor Qualificado;56;8537509;8521601;0,0000%;1078.0
18.836.451/0001-29;100;0;REAG RIACHO IMOBILIÁRIO - FUNDO DE INVESTIMENTO IMOBILIÁRIO - FII;16/12/2013;False;Mandato: Segmento de Atuação: Tipo de Gestão:;03/2019;Investidor Qualificado;3;110440128;546508;0,0000%;5465.08
11.233.841/0001-65;1351795;;REAL MINAS FUNDO DE INVESTIMENTO IMOBILIARIO - FII;01/12/2009;False;Mandato: HíbridoSegmento de Atuação: HíbridoTipo de Gestão: Ativa;03/2019;Investidor Qualificado;2;169203077;160118285;0,5918%;118.45
14.793.782/0001-78;742000;BRRDESCTF000;RENDA DE ESCRITÓRIOS FUNDO DE INVESTIMENTO IMOBILIÁRIO - FII;20/11/2011;False;Mandato: RendaSegmento de Atuação: HíbridoTipo de Gestão: Ativa;03/2019;Investidores em Geral;1298;62083828;61437561;0,4267%;82.8
28.893.734/0001-66;179904;BRRNOVCTF002;RENOVA FUNDO DE INVESTIMENTO IMOBILIARIO - FII;01/02/2018;True;Mandato: HíbridoSegmento de Atuação: HíbridoTipo de Gestão: Passiva;03/2019;Investidor Profissional;3;155492154;152995813;0,0000%;850.43
12.659.641/0001-31;53100;BRRBCBCTF004;RIO BRAVO CRÉDITO IMOBILIÁRIO I FUNDO DE INVESTIMENTO IMOBILIÁRIO;22/06/2011;False;Mandato: RendaSegmento de Atuação: OutrosTipo de Gestão: Ativa;03/2019;Investidor Qualificado;411;2853912;2147946;2,0767%;40.45
15.769.670/0001-44;515824;BRRBVOCTF007;RIO BRAVO CRÉDITO IMOBILIÁRIO II FUNDO DE INVESTIMENTO IMOBILIÁRIO - FII;18/12/2012;False;Mandato: Segmento de Atuação: Tipo de Gestão:;03/2019;Investidores em Geral;1206;28352971;28223376;0,3668%;54.72
12.323.955/0001-69;1066946;BRFSBICTF000;SABIÁ FUNDO DE INVESTIMENTO IMOBILIÁRIO - FII;26/01/2011;False;Mandato: RendaSegmento de Atuação: Lajes CorporativasTipo de Gestão: Passiva;03/2019;Investidor Qualificado;1;58288070;58115400;-0,2126%;54.47
28.267.530/0001-10;3554;;SABUGAL FUNDO DE INVESTIMENTO IMOBILIARIO;13/11/2017;False;Mandato: HíbridoSegmento de Atuação: HíbridoTipo de Gestão: Ativa;03/2019;Investidor Qualificado;2;4587666;4557614;0,0000%;1282.39
17.655.115/0001-17;97861;;SAFIRA - FUNDO DE INVESTIMENTO IMOBILIÁRIO;21/05/2015;False;Mandato: RendaSegmento de Atuação: OutrosTipo de Gestão: Ativa;03/2019;Investidor Qualificado;2;367269868;181141993;;1851.01
13.012.312/0001-67;100;0;SALUS FUNDO DE INVESTIMENTO IMOBILIÁRIO - FII;17/03/2011;False;Mandato: Segmento de Atuação: Tipo de Gestão:;03/2019;Investidores em Geral;1;184532344;4537830;0,0000%;45378.3
17.331.883/0001-15;30;0;SALUS II FUNDO DE INVESTIMENTO IMOBILIARIO - FII;24/05/2013;False;Mandato: Segmento de Atuação: Tipo de Gestão:;03/2019;Investidor Qualificado e Profissional;1;110026200;56327609;0,0000%;1877586.97
16.915.840/0001-14;5631512;BRSAAGCTF007;SANTANDER AGÊNCIAS FUNDO DE INVESTIMENTO IMOBILIÁRIO - FII;26/12/2012;False;Mandato: RendaSegmento de Atuação: OutrosTipo de Gestão: Passiva;03/2019;Investidores em Geral;8740;517285246;508121679;1,0088%;90.23
16.543.270/0001-89;1072588;BRFISDCTF006;SÃO DOMINGOS - FUNDO DE INVESTIMENTO IMOBILIÁRIO - FII;21/05/2014;False;Mandato: Títulos e Valores MobiliáriosSegmento de Atuação: Títulos e Val. Mob.Tipo de Gestão: Ativa;03/2019;Investidor Qualificado e Profissional;23;265431475;247017391;0,0000%;230.3
31.373.514/0001-16;12231732;000000;SÃO JORGE FUNDO DE INVESTIMENTO IMOBILIÁRIO;20/08/2018;False;Mandato: Títulos e Valores MobiliáriosSegmento de Atuação: Títulos e Val. Mob.Tipo de Gestão: Ativa;03/2019;Investidor Qualificado;8;11752163;11628063;0,0000%;0.95
19.131.224/0001-60;1218;;SAPUCAÍ RIO FUNDO DE INVESTIMENTO IMOBILIÁRIO - FII;23/12/2014;False;Mandato: RendaSegmento de Atuação: Lajes CorporativasTipo de Gestão: Passiva;03/2019;Investidor Qualificado;2;1140886839;1138306890;0,2252%;934570.52
17.198.500/0001-82;88267;BRSBFICTF000;SB FUNDO DE INVESTIMENTO IMOBILIÁRIO;12/12/2012;True;Mandato: Segmento de Atuação: Tipo de Gestão:;03/2019;Investidor Qualificado e Profissional;1;147796738;147769759;0,0000%;1674.12
01.657.856/0001-05;4200000;BRSCPFCTF003;SCP FII;31/10/1996;False;Mandato: RendaSegmento de Atuação: ShoppingsTipo de Gestão: Ativa;03/2019;Investidores em Geral;1425;48953755;48194130;0,3823%;11.47
09.326.861/0001-39;989339;BRWPLZCTF004;SHOPPING WEST PLAZA FUNDO DE INVESTIMENTO IMOBILIARIO;17/01/2008;False;Mandato: RendaSegmento de Atuação: ShoppingsTipo de Gestão: Passiva;03/2019;Investidores em Geral;907;80209833;78920971;0,2994%;79.77
28.216.384/0001-01;2691027;BRSCOOCTF008;Sicoob Agências Fundo de Investimento Imobiliário;19/09/2017;False;Mandato: RendaSegmento de Atuação: HíbridoTipo de Gestão: Passiva;03/2019;Investidor Qualificado;1;27120259;26910270;0,6783%;10.0
16.841.067/0001-99;26291;BRREITCTF007;SOCOPA FUNDO DE INVESTIMENTO IMOBILIÁRIO;13/03/2014;False;Mandato: Títulos e Valores MobiliáriosSegmento de Atuação: Títulos e Val. Mob.Tipo de Gestão: Ativa;03/2019;Investidor Qualificado;24;34919198;34351436;1,3800%;1306.59
13.726.079/0001-84;166830;BRFNDACTF004;SONDA - FUNDO DE INVESTIMENTO IMOBILIARIO - FII;22/11/2011;False;Mandato: HíbridoSegmento de Atuação: HíbridoTipo de Gestão: Ativa;03/2019;Investidor Qualificado;2;511745833;284677245;0,0000%;1706.39
15.538.445/0001-05;1798000;BRSPTWCTF002;SP DOWNTOWN FUNDO DE INVESTIMENTO IMOBILIÁRIO - FII;01/03/2013;False;Mandato: RendaSegmento de Atuação: Lajes CorporativasTipo de Gestão: Passiva;03/2019;Investidores em Geral;7868;140032655;135768341;0,8203%;75.51
18.311.024/0001-27;11270;BRSPAFCTF007;SPA FUNDO DE INVESTIMENTO IMOBILIÁRIO;12/08/2016;False;Mandato: Desenvolvimento para RendaSegmento de Atuação: ShoppingsTipo de Gestão: Ativa;03/2019;Investidor Qualificado;1;12642475;12634175;0,0000%;1121.04
11.044.355/0001-07;14976;BRSTRXCTF006;STARX FUNDO DE INVESTIMENTO IMOBILIÁRIO - FII;22/09/2010;False;Mandato: HíbridoSegmento de Atuação: HíbridoTipo de Gestão: Passiva;03/2019;Investidor Qualificado;53;271140046;265091192;0,0000%;17701.07
21.085.472/0001-64;84400000;;TA FUNDO DE INVESTIMENTO IMOBILIÁRIO;04/08/2014;False;Mandato: HíbridoSegmento de Atuação: HíbridoTipo de Gestão: Ativa;03/2019;Investidor Profissional;1;243266616;83778816;0,0000%;0.99
18.579.302/0001-21;2563;;TAG BTS - FUNDO DE INVESTIMENTO IMOBILIÁRIO;25/03/2015;False;Mandato: RendaSegmento de Atuação: OutrosTipo de Gestão: Ativa;03/2019;Investidor Qualificado;7;81104511;36246051;;14142.04
11.326.746/0001-06;17450;;TAG GR IV - FUNDO DE INVESTIMENTO IMOBILIÁRIO;19/09/2012;False;Mandato: RendaSegmento de Atuação: OutrosTipo de Gestão: Ativa;03/2019;Investidor Qualificado;1;394580721;318578556;;18256.65
18.874.954/0001-99;0;;TARANTO - FUNDO DE INVESTIMENTO IMOBILIÁRIO;04/06/2014;False;Mandato: RendaSegmento de Atuação: OutrosTipo de Gestão: Ativa;03/2019;Investidor Qualificado;1;237000000;500606;;0.0
11.701.400/0001-40;13300000;;TAURUS PATRIMONIUM FUNDO DE INVESTIMENTO IMOBILIÁRIO - FII;08/07/2010;False;Mandato: HíbridoSegmento de Atuação: HíbridoTipo de Gestão: Ativa;03/2019;Investidor Qualificado;7;28765250;28649771;0,0000%;2.15
22.103.617/0001-75;74628077;;TC ALMAVI FUNDO DE INVESTIMENTO IMOBILIARIO - FII;23/09/2015;False;Mandato: RendaSegmento de Atuação: OutrosTipo de Gestão: Ativa;03/2019;Investidor Profissional;3;83108032;83056130;;1.11
22.044.621/0001-00;7285;;TC EMPRO - FUNDO DE INVESTIMENTO IMOBILIÁRIO;03/07/2015;False;Mandato: RendaSegmento de Atuação: OutrosTipo de Gestão: Ativa;03/2019;Investidor Qualificado;1;21032438;9746276;;1337.86
13.320.290/0001-00;87878;;TERRA - FUNDO DE INVESTIMENTO IMOBILIÁRIO;30/06/2011;False;Mandato: HíbridoSegmento de Atuação: HíbridoTipo de Gestão: Ativa;03/2019;Investidor Qualificado;1;99501623;86694064;;986.53
27.212.823/0001-37;8314;0;TMJ FUNDO DE INVESTIMENTO IMOBILIARIO;20/06/2017;False;Mandato: RendaSegmento de Atuação: OutrosTipo de Gestão: Ativa;03/2019;Investidor Profissional;3;4397223;4352748;;523.54
27.212.823/0001-37;8314;0;TMJ FUNDO DE INVESTIMENTO IMOBILIARIO;20/06/2017;False;Mandato: RendaSegmento de Atuação: OutrosTipo de Gestão: Ativa;03/2019;Investidor Profissional;3;4397223;4352748;;523.54
29.018.899/0001-51;63260000;************;TOP CENTER II FUNDO DE INVESTIMENTO IMOBILIÁRIO;24/01/2018;False;Mandato: RendaSegmento de Atuação: HíbridoTipo de Gestão: Ativa;03/2019;Investidor Qualificado;1;66905048;66892445;0,0000%;1.06
17.007.443/0001-07;18113;BRTSNCCTF009;TRANSINC FUNDO DE INVESTIMENTO IMOBILIÁRIO - FII;15/08/2013;False;Mandato: RendaSegmento de Atuação: Lajes CorporativasTipo de Gestão: Ativa;03/2019;Investidores em Geral;66;101633007;101028883;0,5519%;5577.7
26.990.011/0001-50;293994;BRTCPFCTF001;TREECORP REAL ESTATE FII - I;20/01/2017;False;Mandato: RendaSegmento de Atuação: HíbridoTipo de Gestão: Ativa;03/2019;Investidor Qualificado;35;28481925;28428510;0,0000%;96.7
13.703.596/0001-38;1061;;TREVISO - FUNDO DE INVESTIMENTO IMOBILIÁRIO;24/09/2012;False;Mandato: RendaSegmento de Atuação: OutrosTipo de Gestão: Ativa;03/2019;Investidor Qualificado;1;120794950;61605516;;58063.63
15.006.267/0001-63;1792557;BRXTEDCTF006;TRX EDIFICIOS CORPORATIVOS FUNDO DE INVESTIMENTO IMOBILIARIO - FII;08/11/2012;False;Mandato: RendaSegmento de Atuação: Lajes CorporativasTipo de Gestão: Ativa;03/2019;Investidores em Geral;2775;26721245;26398980;-0,3956%;14.73
11.839.593/0001-09;1867464;BRTRXLCTF001;TRX REALTY LOGÍSTICA RENDA I FUNDO DE INVESTIMENTO IMOBILIÁRIO - FII;03/08/2010;False;Mandato: RendaSegmento de Atuação: LogísticaTipo de Gestão: Passiva;03/2019;Investidores em Geral;9754;184829428;184476714;0,3844%;98.78
21.642.282/0001-09;977889;;TS PART FUNDO DE INVESTIMENTO IMOBILIÁRIO - FII;07/02/2018;False;Mandato: HíbridoSegmento de Atuação: HíbridoTipo de Gestão: Passiva;03/2019;Investidor Qualificado;1;117066706;117000002;0,0000%;119.65
28.090.655/0001-17;49956;BRVLORCTF006;VALORA RE I FUNDO DE INVESTIMENTO IMOBILIARIO - FII;08/08/2017;False;Mandato: Títulos e Valores MobiliáriosSegmento de Atuação: Títulos e Val. Mob.Tipo de Gestão: Ativa;03/2019;Investidor Profissional;96;45547777;43491408;0,6303%;870.59
28.090.655/0001-17;49956;BRVLORCTF006;VALORA RE I FUNDO DE INVESTIMENTO IMOBILIARIO - FII;08/08/2017;False;Mandato: Títulos e Valores MobiliáriosSegmento de Atuação: Títulos e Val. Mob.Tipo de Gestão: Ativa;03/2019;Investidor Profissional;96;45547777;43491408;0,6303%;870.59
29.852.732/0001-91;1120948;BRVGIRCTF008;VALORA RE III FUNDO DE INVESTIMENTO IMOBILIARIO - FII;27/07/2018;False;Mandato: RendaSegmento de Atuação: Títulos e Val. Mob.Tipo de Gestão: Ativa;03/2019;Investidores em Geral;1772;109816188;108603708;0,8593%;96.89
32.186.230/0001-83;141247;;VAM FUNDO DE INVESTIMENTO IMOBILIÁRIO;10/12/2018;False;Mandato: RendaSegmento de Atuação: HíbridoTipo de Gestão: Ativa;03/2019;Investidor Qualificado;3;13175367;13008882;;92.1
17.655.122/0001-19;16;0;VANQUISH FUNDO DE INVESTIMENTO IMOBILIÁRIO - FII;14/02/2013;False;Mandato: RendaSegmento de Atuação: HíbridoTipo de Gestão: Ativa;03/2019;Investidor Qualificado;1;23991406;23981406;;1498837.88
30.871.660/0001-09;42651;;VBI ULIVING FUNDO DE INVESTIMENTO IMOBILIÁRIO;30/11/2018;False;Mandato: RendaSegmento de Atuação: HíbridoTipo de Gestão: Ativa;03/2019;Investidor Qualificado;1;41541389;40481207;;949.13
13.842.683/0001-76;58977;BRVLJSCTF004;VECTOR QUELUZ LAJES CORPORATIVAS FUNDO DE INVESTIMENTO IMOBILIARIO;14/11/2012;True;Mandato: Títulos e Valores MobiliáriosSegmento de Atuação: Lajes CorporativasTipo de Gestão: Passiva;03/2019;Investidor Qualificado;17;70103634;69941343;;1185.91
19.267.845/0001-76;27890;;VGS - FUNDO DE INVESTIMENTO IMOBILIÁRIO - FII;10/03/2014;False;Mandato: RendaSegmento de Atuação: OutrosTipo de Gestão: Ativa;03/2019;Investidor Qualificado;1;72045290;72007889;;2581.85
24.853.044/0001-22;717200;BRVILGCTF001;VINCI LOGÍSTICA FUNDO DE INVESTIMENTO IMOBILIÁRIO - FII;10/12/2018;False;Mandato: RendaSegmento de Atuação: LogísticaTipo de Gestão: Ativa;03/2019;Investidor Qualificado;111;154038458;76741959;0,7263%;107.0
17.554.274/0001-25;8160576;BRVISCCTF005;VINCI SHOPPING CENTERS FUNDO DE INVESTIMENTO IMOBILIÁRIO - FII;07/08/2013;False;Mandato: RendaSegmento de Atuação: ShoppingsTipo de Gestão: Ativa;03/2019;Investidores em Geral;68890;912301874;819568941;0,5999%;100.43
26.452.179/0001-01;28762400;0;VIRACONDO FUNDO DE INVESTIMENTO MULTIMERCADO - CRÉDITO PRIVADO;18/12/2017;False;Mandato: Segmento de Atuação: Tipo de Gestão:;03/2019;Investidor Profissional;7;65045333;64878772;0,0000%;2.26
16.924.913/0001-34;84100000;BRVREFCTF009;VISTA REAL ESTATE FUNDO DE INVESTIMENTO IMOBILIÁRIO;07/06/2013;False;Mandato: Desenvolvimento para VendaSegmento de Atuação: Títulos e Val. Mob.Tipo de Gestão: Ativa;03/2019;Investidor Qualificado;56;72777182;72215051;0,0000%;0.86
14.786.587/0001-10;953664;;VOTORANTIM CARDIO PULMONAR FUNDO DE INVESTIMENTO IMOBILIÁRIO - FII;02/12/2014;True;Mandato: Desenvolvimento para RendaSegmento de Atuação: HíbridoTipo de Gestão: Ativa;03/2019;Investidor Qualificado;6;161328849;161157493;0,0000%;168.99
17.870.926/0001-30;827913;BRVOTSCTF007;Votorantim Securities Master Fundo de Investimento Imobiliário - FII;13/07/2018;False;Mandato: Títulos e Valores MobiliáriosSegmento de Atuação: Títulos e Val. Mob.Tipo de Gestão: Ativa;03/2019;Investidores em Geral;216;80793686;80722398;0,3794%;97.5
21.826.249/0001-20;55468;BRFVRECTF009;VRE DESENVOLVIMENTO III FUNDO DE INVESTIMENTO IMOBILIÁRIO - FII;06/10/2015;False;Mandato: Desenvolvimento para VendaSegmento de Atuação: Títulos e Val. Mob.Tipo de Gestão: Ativa;03/2019;Investidor Qualificado;151;51118758;50983885;0,0000%;919.16
30.248.129/0001-84;10000;0;VX VI - FUNDO DE INVESTIMENTO IMOBILIÁRIO;30/08/2018;False;Mandato: RendaSegmento de Atuação: ShoppingsTipo de Gestão: Ativa;03/2019;Investidor Qualificado;1;333135866;111573095;0,0000%;11157.31
26.269.251/0001-60;31977;000000;WHITE BEAR FUNDO DE INVESTIMENTO IMOBILIÁRIO - FII;02/05/2017;False;Mandato: Títulos e Valores MobiliáriosSegmento de Atuação: Títulos e Val. Mob.Tipo de Gestão: Ativa;03/2019;Investidor Qualificado;2;147336570;145303427;0,0000%;4544.0
26.269.251/0001-60;31977;000000;WHITE BEAR FUNDO DE INVESTIMENTO IMOBILIÁRIO - FII;02/05/2017;False;Mandato: Títulos e Valores MobiliáriosSegmento de Atuação: Títulos e Val. Mob.Tipo de Gestão: Ativa;03/2019;Investidor Qualificado;2;147336570;145303427;0,0000%;4544.0
16.802.320/0001-03;2414570;BRXPCMCTF009;XP CORPORATE MACAÉ FUNDO DE INVESTIMENTO IMOBILIÁRIO - FII;11/03/2013;True;Mandato: RendaSegmento de Atuação: Lajes CorporativasTipo de Gestão: Passiva;03/2019;Investidores em Geral;10161;214124612;200579874;1,0250%;83.07
18.308.516/0001-63;2121943;BRVREHCTF005;XP HOTÉIS - FUNDO DE INVESTIMENTO IMOBILIÁRIO - FII;15/04/2016;False;Mandato: RendaSegmento de Atuação: HotelTipo de Gestão: Ativa;03/2019;Investidor Qualificado;267;550599587;550536560;0,0000%;259.45
28.516.325/0001-40;2180089;0;XP Industrial Fundo de Investimento Imobiliário;26/04/2017;False;Mandato: RendaSegmento de Atuação: OutrosTipo de Gestão: Ativa;03/2019;Investidores em Geral;3582;271872685;246004540;0,7200%;112.84
26.502.794/0001-85;3661150;0;XP Log Fundo de Investimento Imobiliário - FII;18/10/2016;False;Mandato: HíbridoSegmento de Atuação: LogísticaTipo de Gestão: Ativa;03/2019;Investidores em Geral;19885;571643403;365794453;0,0000%;99.91
28.757.546/0001-00;9484954;BRXPMLCTF000;XP MALLS FUNDO DE INVESTIMENTO IMOBILIÁRIO FII;27/12/2017;False;Mandato: RendaSegmento de Atuação: ShoppingsTipo de Gestão: Ativa;03/2019;Investidores em Geral;44848;1277775177;958680413;0,3015%;101.07
26.502.810/0001-30;10;0;XPCE RE FII 2 - FUNDO DE INVESTIMENTO IMOBILIÁRIO;18/10/2016;False;Mandato: HíbridoSegmento de Atuação: OutrosTipo de Gestão: Ativa;03/2019;Investidor Profissional;2;123967660;6997494;0,0000%;699749.4
26.502.810/0001-30;10;0;XPCE RE FII 2 - FUNDO DE INVESTIMENTO IMOBILIÁRIO;18/10/2016;False;Mandato: HíbridoSegmento de Atuação: OutrosTipo de Gestão: Ativa;03/2019;Investidor Profissional;2;123967660;6997494;0,0000%;699749.4
24.853.060/0001-15;39530;0;XPCE RE FUNDO DE INVESTIMENTO IMOBILIÁRIO;27/12/2015;False;Mandato: HíbridoSegmento de Atuação: OutrosTipo de Gestão: Ativa;03/2019;Investidor Profissional;1;51586980;11612829;0,0000%;293.77
18.265.829/0001-81;1030;;YAGO - FUNDO DE INVESTIMENTO IMOBILIÁRIO - FII;28/04/2014;False;Mandato: RendaSegmento de Atuação: OutrosTipo de Gestão: Ativa;03/2019;Investidor Qualificado;6;47040014;543712;;527.88
