ASSETS;CLASS;COMPANY_ID;DATE_INI;DY_LAST;EQUITY;EXCLUSIVE;ISIN;NAME;OWNERS;PRICE_QUOTA_EQUITY;QUOTA;REFERENCE;TARGET
785122921;Mandato: HíbridoSegmento de Atuação: LogísticaTipo de Gestão: Ativa;26.614.291/0001-00;11/01/2017;;755192226;0.0;BRGGRCCTF002;GGR COVEPI RENDA FUNDO DE INVESTIMENTO IMOBILIÁRIO;38249;116.13;6503028;04/2019;Investidores em Geral
0;Mandato: HíbridoSegmento de Atuação: HíbridoTipo de Gestão: Ativa;24.069.712/0001-25;23/08/2017;;0;0.0;0;GGR ESTRATÉGIA FUNDO DE INVESTIMENTO IMOBILIÁRIO;0;0.0;0;04/2019;Investidores em Geral
18425059;Mandato: HíbridoSegmento de Atuação: OutrosTipo de Gestão: Ativa;26.191.053/0001-20;28/12/2016;0,0000%;18388999;1.0;0;GOLDEN WEST VX FUNDO DE INVESTIMENTO IMOBILIARIO;1;115.81;158780;04/2019;Investidor Profissional
109671509;Mandato: RendaSegmento de Atuação: OutrosTipo de Gestão: Ativa;18.929.051/0001-68;03/05/2014;;65926;0.0;;GOODMAN PATRIMONIAL I FUNDO DE INVESTIMENTO IMOBILIARIO - FII;1;248.78;265;04/2019;Investidor Qualificado
207409917;Mandato: RendaSegmento de Atuação: OutrosTipo de Gestão: Ativa;23.426.470/0001-17;03/02/2016;;14318157;0.0;;GOODMAN PATRIMONIAL II FUNDO DE INVESTIMENTO IMOBILIÁRIO - FII;1;7.04;2034078;04/2019;Investidor Profissional
30009386;Mandato: RendaSegmento de Atuação: HíbridoTipo de Gestão: Ativa;30.871.716/0001-25;03/05/2014;;29994773;0.0;;GREEN ROCK - FUNDO DE INVESTIMENTO IMOBILIÁRIO;2;999.83;30000;04/2019;Investidor Qualificado
19340352;Mandato: Desenvolvimento para VendaSegmento de Atuação: HíbridoTipo de Gestão: Passiva;27.771.586/0001-44;26/07/2018;0,0000%;19303256;1.0;;GRUPO RCFA FUNDO DE INVESTIMENTO IMOBILIARIO;1;1.65;11678533;04/2019;Investidor Profissional
70477197;Mandato: Títulos e Valores MobiliáriosSegmento de Atuação: Títulos e Val. Mob.Tipo de Gestão: Ativa;14.631.148/0001-39;01/04/2012;;70339804;1.0;BRATCCTF008;HAZ FUNDO DE INVESTIMENTO IMOBILIÁRIO;33;75.72;928908;05/2019;Investidor Qualificado e Profissional
10228843;Mandato: HíbridoSegmento de Atuação: OutrosTipo de Gestão: Ativa;30.248.180/0001-96;19/09/2018;0,0000%;10162104;0.0;0;HECTARE CE - FUNDO DE INVESTIMENTO IMOBILIÁRIO;4;1079.47;9414;04/2019;Investidor Qualificado
186226347;Mandato: Desenvolvimento para RendaSegmento de Atuação: ShoppingsTipo de Gestão: Passiva;12.809.972/0001-00;23/03/2011;0,2773%;185605739;0.0;BRATSACTF000;HEDGE ATRIUM SHOPPING SANTO ANDRÉ FUNDO DE INVESTIMENTO IMOBILIÁRIO;94;108.21;1715200;04/2019;Investidores em Geral
1558530783;Mandato: RendaSegmento de Atuação: ShoppingsTipo de Gestão: Ativa;08.431.747/0001-06;28/12/2006;0,6243%;1505758840;0.0;BRHGBSCTF000;HEDGE BRASIL SHOPPING FUNDO DE INVESTIMENTO IMOBILIÁRIO;23145;224.12;6718650;04/2019;Investidores em Geral
96409943;Mandato: Desenvolvimento para VendaSegmento de Atuação: HíbridoTipo de Gestão: Ativa;16.929.519/0001-99;20/12/2013;0,0000%;96342238;0.0;;HEDGE REALTY DEVELOPMENT FUNDO DE INVESTIMENTO IMOBILIÁRIO;50;12.7;7587125;04/2019;Investidor Qualificado
69273471;Mandato: RendaSegmento de Atuação: ShoppingsTipo de Gestão: Passiva;14.733.211/0001-48;02/12/2011;0,7493%;68697472;0.0;BRHMOCCTF005;HEDGE SHOPPING PRAÇA DA MOÇA FUNDO DE INVESTIMENTO IMOBILIÁRIO;221;179.83;382017;04/2019;Investidor Qualificado
117549607;Mandato: Títulos e Valores MobiliáriosSegmento de Atuação: Títulos e Val. Mob.Tipo de Gestão: Ativa;16.875.388/0001-04;10/05/2013;0,5727%;116063997;0.0;BRFOFTCTF007;HEDGE TOP FOFII 2 FUNDO DE INVESTIMENTO IMOBILIÁRIO;425;97.04;1196040;04/2019;Investidores em Geral
249920195;Mandato: Títulos e Valores MobiliáriosSegmento de Atuação: Títulos e Val. Mob.Tipo de Gestão: Ativa;18.307.582/0001-19;08/07/2013;1,2739%;243130124;0.0;BRHFOFCTF002;HEDGE TOP FOFII 3 FUNDO DE INVESTIMENTO IMOBILIÁRIO;5810;98.5;2468390;04/2019;Investidores em Geral
113861534;Mandato: Títulos e Valores MobiliáriosSegmento de Atuação: Títulos e Val. Mob.Tipo de Gestão: Ativa;20.834.884/0001-97;17/10/2014;1,2602%;107877912;0.0;BRTFOFCTF007;HEDGE TOP FOFII FUNDO DE INVESTIMENTO IMOBILIÁRIO;199;126.84;850530;04/2019;Investidor Qualificado
8835385;Mandato: Desenvolvimento para RendaSegmento de Atuação: HospitalTipo de Gestão: Ativa;30.017.492/0001-99;12/03/2018;;8777379;0.0;0;HUSI FUNDO DE INVESTIMENTO IMOBILIÁRIO;1;964.55;9100;04/2019;Investidores em Geral
608779205;Mandato: RendaSegmento de Atuação: HíbridoTipo de Gestão: Ativa;08.098.114/0001-28;26/06/2006;0,4223%;345173102;0.0;BRPRGDCTF001;ICON REALTY I FUNDO DE INVESTIMENTO IMOBILIÁRIO;1;96.74;3568083;04/2019;Investidores em Geral
153524337;Mandato: HíbridoSegmento de Atuação: HíbridoTipo de Gestão: Passiva;28.893.734/0001-66;01/02/2018;0,0000%;149235860;1.0;BRRNOVCTF002;RENOVA FUNDO DE INVESTIMENTO IMOBILIARIO - FII;1;829.53;179904;04/2019;Investidor Profissional
284805628;Mandato: Segmento de Atuação: Tipo de Gestão:;15.463.207/0001-70;05/04/2013;0,0000%;35047658;1.0;0;INHAÚMA FUNDO DE INVESTIMENTO IMOBILIÁRIO - FII;1;3504.77;10000;04/2019;Investidor Qualificado
1306515589;Mandato: RendaSegmento de Atuação: HíbridoTipo de Gestão: Ativa;15.447.108/0001-02;01/03/2018;0,0000%;1302863774;0.0;BRISSHCTF000;INTERNACIONAL SHOPPING FUNDO DE INVESTIMENTO IMOBILIÁRIO;1;1.2;1089450000;04/2019;Investidor Qualificado
385906639;Mandato: RendaSegmento de Atuação: ShoppingsTipo de Gestão: Ativa;21.917.235/0001-12;04/03/2015;;201638357;0.0;;IPS PB - FUNDO DE INVESTIMENTO IMOBILIÁRIO - FII;1;1546.24;130406;04/2019;Investidor Qualificado
320483881;Mandato: RendaSegmento de Atuação: ShoppingsTipo de Gestão: Ativa;21.500.500/0001-62;11/09/2015;0,4197%;320352170;1.0;BRIRBLCTF000;IRB INTERNACIONAL FUNDO DE INVESTIMENTO IMOBILIARIO - FII;1;186.02;1722169;04/2019;Investidor Qualificado
59025183;Mandato: HíbridoSegmento de Atuação: OutrosTipo de Gestão: Ativa;10.410.463/0001-85;21/12/2010;;59002183;0.0;0;ITACOATIARA FUNDO DE INVESTIMENTO IMOBILÁRIO;1;59.0;1000000;04/2019;Investidor Qualificado
185913128;Mandato: HíbridoSegmento de Atuação: ResidencialTipo de Gestão: Passiva;22.646.161/0001-90;04/04/2016;0,0000%;182509367;0.0;;IZAR FUNDO DE INVESTIMENTO IMOBILIÁRIO - FII;4;646.23;282421;04/2019;Investidor Profissional
404154966;Mandato: Segmento de Atuação: Tipo de Gestão:;15.489.509/0001-17;23/04/2015;0,0000%;302724730;0.0;0;JFDCAM - FUNDO DE INVESTIMENTO IMOBILIÁRIO - FII;2;6591.15;45929;01/2019;Investidor Qualificado
126477750;Mandato: HíbridoSegmento de Atuação: Títulos e Val. Mob.Tipo de Gestão: Passiva;16.915.868/0001-51;17/07/2013;0,8278%;126386190;0.0;BRRBBVCTF004;JHSF RIO BRAVO FAZENDA BOA VISTA CAPITAL PROTEGIDO FUNDO DE INVESTIMENTO IMOBILIARIO - FII;2614;100.77;1254164;04/2019;Investidores em Geral
6458511;Mandato: RendaSegmento de Atuação: HíbridoTipo de Gestão: Ativa;17.198.404/0001-34;03/04/2017;0,0000%;6446380;0.0;************;JIVE ATIVOS IMOBILIÁRIOS FUNDO DE INVESTIMENTO IMOBILIÁRIO;1;402898.75;16;04/2019;Investidor Qualificado
61491236;Mandato: RendaSegmento de Atuação: HíbridoTipo de Gestão: Ativa;26.642.834/0001-94;01/08/2018;0,0000%;61479335;0.0;************;JIVE ATIVOS IMOBILIÁRIOS II - FUNDO DE INVESTIMENTO IMOBILIÁRIO;1;1.12;54775647;04/2019;Investidor Profissional
16083305;Mandato: Títulos e Valores MobiliáriosSegmento de Atuação: Títulos e Val. Mob.Tipo de Gestão: Ativa;30.982.880/0001-00;14/12/2018;0,0000%;16056432;0.0;0;JPP ALLOCATON MOGNO FUNDO DE INVESTIMENTO IMOBILIÁRIO;14;101.76;157787;04/2019;Investidores em Geral
34537296;Mandato: HíbridoSegmento de Atuação: HíbridoTipo de Gestão: Ativa;17.216.625/0001-98;03/05/2013;;34414833;0.0;BRJPPCCTF001;JPP CAPITAL FUNDO DE INVESTIMENTO IMOBILIÁRIO - FII;64;625.72;55000;05/2019;Investidores em Geral
146014914;Mandato: HíbridoSegmento de Atuação: HíbridoTipo de Gestão: Ativa;11.268.335/0001-01;02/01/2012;0,0000%;140895444;0.0;BRJPPDCTF009;JPP FII - FII;1;903175.92;156;04/2019;Investidor Qualificado
906564795;Mandato: HíbridoSegmento de Atuação: HíbridoTipo de Gestão: Ativa;13.371.132/0001-71;06/06/2011;0,5229%;895479033;0.0;BRJSRECTF007;JS REAL ESTATE MULTIGESTÃO - FII;23301;110.8;8081791;04/2019;Investidores em Geral
26204010;Mandato: Desenvolvimento para VendaSegmento de Atuação: ResidencialTipo de Gestão: Ativa;23.876.086/0001-16;16/11/2016;;26135040;0.0;BRJTPRCTF001;JT PREV FUNDO DE INVESTIMENTO IMOBILIÁRIO D. HAB;7;121.74;214674;04/2019;Investidores em Geral
1993232;Mandato: Títulos e Valores MobiliáriosSegmento de Atuação: Títulos e Val. Mob.Tipo de Gestão: Ativa;30.816.679/0001-52;22/03/2019;0,0000%;1971126;0.0;BR003HCTF006;KINEA CO-INVESTIMENTO FUNDO DE INVESTIMENTO IMOBILIÁRIO;2;985.56;2000;04/2019;Investidor Qualificado
421408168;Mandato: Títulos e Valores MobiliáriosSegmento de Atuação: Títulos e Val. Mob.Tipo de Gestão: Ativa;30.130.708/0001-28;03/07/2018;0,9598%;416814483;0.0;BRKNHYCTF005;KINEA HIGH YIELD CRI FUNDO DE INVESTIMENTO IMOBILIÁRIO - FII;1576;104.2;4000000;04/2019;Investidor Qualificado
124342164;Mandato: Desenvolvimento para VendaSegmento de Atuação: ResidencialTipo de Gestão: Ativa;14.423.780/0001-97;01/12/2011;0,5162%;121018531;0.0;BRKNRECTF006;KINEA II REAL ESTATE EQUITY FII;3346;6.52;18547161;04/2019;Investidor Qualificado
1884966837;Mandato: Títulos e Valores MobiliáriosSegmento de Atuação: Títulos e Val. Mob.Tipo de Gestão: Ativa;24.960.430/0001-13;16/09/2016;0,7954%;1868528174;0.0;BRKNIPCTF001;KINEA ÍNDICES DE PREÇOS FUNDO DE INVESTIMENTO IMOBILIÁRIO - FII;12810;107.07;17450886;04/2019;Investidor Qualificado
2828358689;Mandato: RendaSegmento de Atuação: HíbridoTipo de Gestão: Ativa;12.005.956/0001-65;11/08/2010;0,5137%;2778259074;0.0;BRKNRICTF007;KINEA RENDA IMOBILIÁRIA - FII;71239;144.02;19290512;04/2019;Investidores em Geral
3674309826;Mandato: Títulos e Valores MobiliáriosSegmento de Atuação: Títulos e Val. Mob.Tipo de Gestão: Ativa;16.706.958/0001-32;15/10/2012;0,5734%;3650014587;0.0;BRKNCRCTF000;KINEA RENDIMENTOS IMOBILIARIOS FUNDO DE INVESTIMENTO IMOBILIARIO - FII;39511;104.58;34902454;04/2019;Investidor Qualificado
31238982;Mandato: Títulos e Valores MobiliáriosSegmento de Atuação: Títulos e Val. Mob.Tipo de Gestão: Ativa;31.524.769/0001-32;20/08/2018;0,0000%;31203182;0.0;000000;KODY FUNDO DE INVESTIMENTO IMOBILIARIO;13;13.65;2286513;04/2019;Investidor Qualificado
357681646;Mandato: Desenvolvimento para VendaSegmento de Atuação: HíbridoTipo de Gestão: Passiva;23.964.908/0001-10;04/01/2016;;355230801;1.0;BR00KGCTF006;PRIME 16 -FUNDO DE INVESTIMENTO IMOBILIÁRIO;1;654.85;542458;05/2019;Investidor Profissional
2511894343;Mandato: HíbridoSegmento de Atuação: LogísticaTipo de Gestão: Ativa;31.962.875/0001-06;07/08/2013;;2363184333;0.0;BRPBLVCTF007;PROLOGIS BRAZIL LOGISTICS VENTURE FUNDO DE INVESTIMENTO IMOBILIÁRIO;2;1015.82;2326380;04/2019;Investidor Profissional
41519082;Mandato: RendaSegmento de Atuação: OutrosTipo de Gestão: Ativa;13.125.823/0001-95;26/11/2014;;1011551;0.0;;PSG - FUNDO DE INVESTIMENTO IMOBILIÁRIO;1;3201.11;316;04/2019;Investidor Qualificado
4549659;Mandato: RendaSegmento de Atuação: OutrosTipo de Gestão: Ativa;18.570.740/0001-29;05/08/2014;;4523763;0.0;;QUORUM HASTA - FUNDO DE INVESTIMENTO IMOBILARIO - FII;12;589.49;7674;04/2019;Investidor Qualificado
402714569;Mandato: RendaSegmento de Atuação: OutrosTipo de Gestão: Passiva;12.978.943/0001-72;07/04/2011;;48331212;0.0;;RB CAPITAL ANHANGUERA FUNDO DE INVESTIMENTO IMOBILIÁRIO - FII;2;79.22;610100;04/2019;Investidor Qualificado e Profissional
25357271;Mandato: Desenvolvimento para VendaSegmento de Atuação: ResidencialTipo de Gestão: Ativa;11.945.604/0001-27;27/09/2010;1,0744%;20661487;0.0;BRRBDSCTF006;RB CAPITAL DESENVOLVIMENTO RESIDENCIAL II FUNDO DE INVESTIMENTO IMOBILIARIO - FII;668;163.3;126523;04/2019;Investidor Qualificado
13750000;Mandato: Desenvolvimento para VendaSegmento de Atuação: ResidencialTipo de Gestão: Ativa;19.249.989/0001-08;30/04/2019;;13750000;0.0;-;RB CAPITAL DESENVOLVIMENTO RESIDENCIAL III FUNDO DE INVESTIMENTO IMOBILIÁRIO - FII;26;1000.0;13750;04/2019;Investidor Qualificado
100340622;Mandato: RendaSegmento de Atuação: ShoppingsTipo de Gestão: Passiva;13.652.006/0001-95;25/08/2011;0,1105%;100040674;0.0;BRRBGSCTF009;RB CAPITAL GENERAL SHOPPING SULACAP FII;2016;92.8;1078000;04/2019;Investidores em Geral
76759491;Mandato: Segmento de Atuação: Tipo de Gestão:;13.568.181/0001-07;30/05/2011;;2646267;0.0;0;RB CAPITAL PATRIMONIAL V FUNDO DE INVESTIMENTO IMOBILIARIO - FII;1;48.74;54288;05/2019;Investidor Qualificado e Profissional
226150321;Mandato: RendaSegmento de Atuação: HíbridoTipo de Gestão: Ativa;18.330.535/0001-96;23/09/2013;0,5068%;224733415;1.0;BRRBCACTF006;RB CAPITAL PETROS FUNDO DE INVESTIMENTO IMOBILIÁRIO - FII;1;473.65;474468;04/2019;Investidor Qualificado
178878426;Mandato: RendaSegmento de Atuação: HíbridoTipo de Gestão: Ativa;08.696.175/0001-97;30/01/2007;0,6314%;178756836;0.0;BRFIIPCTF001;RB CAPITAL RENDA I FUNDO DE INVESTIMENTO IMOBILIARIO - FII;5372;192.8;927162;04/2019;Investidores em Geral
146383875;Mandato: RendaSegmento de Atuação: HíbridoTipo de Gestão: Ativa;09.006.914/0001-34;13/08/2007;0,6745%;144800882;0.0;BRRBRDCTF008;RB CAPITAL RENDA II FUNDO DE INVESTIMENTO IMOBILIÁRIO - FII;4723;78.2;1851786;04/2019;Investidores em Geral
61627774;Mandato: Títulos e Valores MobiliáriosSegmento de Atuação: HíbridoTipo de Gestão: Ativa;26.511.274/0001-39;15/08/2018;0,0000%;61426547;0.0;BRRCRICTF005;RB CAPITAL RENDIMENTOS IMOBILIARIOS FUNDO DE INVESTIMENTO IMOBILIARIO - FII;142;1023.54;60014;04/2019;Investidor Qualificado
30176529;Mandato: HíbridoSegmento de Atuação: OutrosTipo de Gestão: Ativa;29.299.737/0001-39;30/07/2018;0,0000%;30145935;0.0;BRRBTSCF002;RB CAPITAL TFO SITUS FUNDO DE INVESTIMENTO IMOBILIÁRIO - FII;56;1055.71;28555;04/2019;Investidor Qualificado
243665230;Mandato: RendaSegmento de Atuação: Lajes CorporativasTipo de Gestão: Ativa;17.374.696/0001-19;-3/-0/ 201;;243437005;0.0;BRDOMCCTF004;REAG RENDA IMOBILIÁRIA - FUNDO DE INVESTIMENTO IMOBILIÁRIO - FII;1161;996.14;244380;03/2019;Investidores em Geral
110440128;Mandato: Segmento de Atuação: Tipo de Gestão:;18.836.451/0001-29;16/12/2013;0,0000%;546508;0.0;0;REAG RIACHO IMOBILIÁRIO - FUNDO DE INVESTIMENTO IMOBILIÁRIO - FII;3;5465.08;100;04/2019;Investidor Qualificado
174127621;Mandato: HíbridoSegmento de Atuação: HíbridoTipo de Gestão: Ativa;11.233.841/0001-65;01/12/2009;0,0000%;167116610;0.0;;REAL MINAS FUNDO DE INVESTIMENTO IMOBILIARIO - FII;2;120.63;1385320;04/2019;Investidor Qualificado
61754053;Mandato: RendaSegmento de Atuação: HíbridoTipo de Gestão: Ativa;14.793.782/0001-78;20/11/2011;0,0606%;61218495;0.0;BRRDESCTF000;RENDA DE ESCRITÓRIOS FUNDO DE INVESTIMENTO IMOBILIÁRIO - FII;1296;82.5;742000;04/2019;Investidores em Geral
1859045;Mandato: RendaSegmento de Atuação: OutrosTipo de Gestão: Ativa;12.659.641/0001-31;22/06/2011;0,5686%;1205669;0.0;BRRBCBCTF004;RIO BRAVO CRÉDITO IMOBILIÁRIO I FUNDO DE INVESTIMENTO IMOBILIÁRIO;411;22.71;53100;04/2019;Investidor Qualificado
26373369;Mandato: Segmento de Atuação: Tipo de Gestão:;15.769.670/0001-44;18/12/2012;0,3655%;26242903;0.0;BRRBVOCTF007;RIO BRAVO CRÉDITO IMOBILIÁRIO II FUNDO DE INVESTIMENTO IMOBILIÁRIO - FII;1197;50.88;515824;04/2019;Investidores em Geral
59141177;Mandato: RendaSegmento de Atuação: Lajes CorporativasTipo de Gestão: Passiva;12.323.955/0001-69;26/01/2011;1,4737%;58986673;0.0;BRFSBICTF000;SABIÁ FUNDO DE INVESTIMENTO IMOBILIÁRIO - FII;1;55.29;1066946;04/2019;Investidor Qualificado
4524325;Mandato: HíbridoSegmento de Atuação: HíbridoTipo de Gestão: Ativa;28.267.530/0001-10;13/11/2017;0,0000%;4497039;0.0;;SABUGAL FUNDO DE INVESTIMENTO IMOBILIARIO;2;1265.35;3554;04/2019;Investidor Qualificado
367159451;Mandato: RendaSegmento de Atuação: OutrosTipo de Gestão: Ativa;17.655.115/0001-17;21/05/2015;;180922583;0.0;;SAFIRA - FUNDO DE INVESTIMENTO IMOBILIÁRIO;2;1837.06;98485;04/2019;Investidor Qualificado
173291441;Mandato: Segmento de Atuação: Tipo de Gestão:;13.012.312/0001-67;17/03/2011;0,0000%;1962144;0.0;0;SALUS FUNDO DE INVESTIMENTO IMOBILIÁRIO - FII;1;19621.44;100;05/2019;Investidores em Geral
108338015;Mandato: Segmento de Atuação: Tipo de Gestão:;17.331.883/0001-15;24/05/2013;0,0000%;56898242;0.0;0;SALUS II FUNDO DE INVESTIMENTO IMOBILIARIO - FII;1;1896608.07;30;05/2019;Investidor Qualificado e Profissional
517375855;Mandato: RendaSegmento de Atuação: OutrosTipo de Gestão: Passiva;16.915.840/0001-14;26/12/2012;1,0086%;508214510;0.0;BRSAAGCTF007;SANTANDER AGÊNCIAS FUNDO DE INVESTIMENTO IMOBILIÁRIO - FII;10160;90.24;5631512;04/2019;Investidores em Geral
265448231;Mandato: Títulos e Valores MobiliáriosSegmento de Atuação: Títulos e Val. Mob.Tipo de Gestão: Ativa;16.543.270/0001-89;21/05/2014;0,0000%;246709929;0.0;BRFISDCTF006;SÃO DOMINGOS - FUNDO DE INVESTIMENTO IMOBILIÁRIO - FII;23;230.01;1072588;04/2019;Investidor Qualificado e Profissional
11752219;Mandato: Títulos e Valores MobiliáriosSegmento de Atuação: Títulos e Val. Mob.Tipo de Gestão: Ativa;31.373.514/0001-16;20/08/2018;0,0000%;11592913;0.0;000000;SÃO JORGE FUNDO DE INVESTIMENTO IMOBILIÁRIO;8;0.95;12231732;04/2019;Investidor Qualificado
1139343276;Mandato: RendaSegmento de Atuação: Lajes CorporativasTipo de Gestão: Passiva;19.131.224/0001-60;23/12/2014;0,0799%;1138386647;0.0;;SAPUCAÍ RIO FUNDO DE INVESTIMENTO IMOBILIÁRIO - FII;2;934636.0;1218;04/2019;Investidor Qualificado
148262530;Mandato: Segmento de Atuação: Tipo de Gestão:;17.198.500/0001-82;12/12/2012;0,0000%;148233733;1.0;BRSBFICTF000;SB FUNDO DE INVESTIMENTO IMOBILIÁRIO;1;1679.38;88267;04/2019;Investidor Qualificado e Profissional
48982938;Mandato: RendaSegmento de Atuação: ShoppingsTipo de Gestão: Ativa;01.657.856/0001-05;31/10/1996;0,3509%;48306144;0.0;BRSCPFCTF003;SCP FII;1503;11.5;4200000;04/2019;Investidores em Geral
80562601;Mandato: RendaSegmento de Atuação: ShoppingsTipo de Gestão: Passiva;09.326.861/0001-39;17/01/2008;0,4623%;79367982;0.0;BRWPLZCTF004;SHOPPING WEST PLAZA FUNDO DE INVESTIMENTO IMOBILIARIO;997;80.22;989339;04/2019;Investidores em Geral
27122262;Mandato: RendaSegmento de Atuação: HíbridoTipo de Gestão: Passiva;28.216.384/0001-01;19/09/2017;0,6777%;26910270;0.0;BRSCOOCTF008;Sicoob Agências Fundo de Investimento Imobiliário;1;10.0;2691027;04/2019;Investidor Qualificado
34917881;Mandato: Títulos e Valores MobiliáriosSegmento de Atuação: Títulos e Val. Mob.Tipo de Gestão: Ativa;16.841.067/0001-99;13/03/2014;0,0000%;34859350;0.0;BRREITCTF007;SOCOPA FUNDO DE INVESTIMENTO IMOBILIÁRIO;22;1325.9;26291;04/2019;Investidor Qualificado
511744481;Mandato: HíbridoSegmento de Atuação: HíbridoTipo de Gestão: Ativa;13.726.079/0001-84;22/11/2011;0,0000%;288302137;0.0;BRFNDACTF004;SONDA - FUNDO DE INVESTIMENTO IMOBILIARIO - FII;2;1685.69;171029;04/2019;Investidor Qualificado
138856464;Mandato: RendaSegmento de Atuação: Lajes CorporativasTipo de Gestão: Passiva;15.538.445/0001-05;01/03/2013;0,8203%;134757851;0.0;BRSPTWCTF002;SP DOWNTOWN FUNDO DE INVESTIMENTO IMOBILIÁRIO - FII;7868;74.95;1798000;04/2019;Investidores em Geral
12634411;Mandato: Desenvolvimento para RendaSegmento de Atuação: ShoppingsTipo de Gestão: Ativa;18.311.024/0001-27;12/08/2016;0,1975%;12603148;0.0;BRSPAFCTF007;SPA FUNDO DE INVESTIMENTO IMOBILIÁRIO;1;1118.29;11270;04/2019;Investidor Qualificado
270810802;Mandato: HíbridoSegmento de Atuação: HíbridoTipo de Gestão: Passiva;11.044.355/0001-07;22/09/2010;0,0000%;265691784;0.0;BRSTRXCTF006;STARX FUNDO DE INVESTIMENTO IMOBILIÁRIO - FII;53;17741.17;14976;04/2019;Investidor Qualificado
55934291;Mandato: Segmento de Atuação: Tipo de Gestão:;15.348.117/0001-38;05/04/2012;0,1098%;33514987;0.0;;REAG SUCCESS - FUNDO DE INVESTIMENTO IMOBILIÁRIO;3;33514.99;1000;11/2018;Investidor Qualificado
243775054;Mandato: HíbridoSegmento de Atuação: HíbridoTipo de Gestão: Ativa;21.085.472/0001-64;04/08/2014;0,0000%;84275673;0.0;;TA FUNDO DE INVESTIMENTO IMOBILIÁRIO;1;1.0;84400000;04/2019;Investidor Profissional
66640722;Mandato: RendaSegmento de Atuação: OutrosTipo de Gestão: Ativa;18.579.302/0001-21;25/03/2015;;36304819;0.0;;TAG BTS - FUNDO DE INVESTIMENTO IMOBILIÁRIO;7;14164.97;2563;04/2019;Investidor Qualificado
394164647;Mandato: RendaSegmento de Atuação: OutrosTipo de Gestão: Ativa;11.326.746/0001-06;19/09/2012;;318965766;0.0;;TAG GR IV - FUNDO DE INVESTIMENTO IMOBILIÁRIO;1;18278.84;17450;04/2019;Investidor Qualificado
140697318;Mandato: Desenvolvimento para RendaSegmento de Atuação: OutrosTipo de Gestão: Ativa;21.408.063/0001-51;11/11/2014;;119898699;1.0;BRRBRPR04M19;FUNDO DE INVESTIMENTO IMOBILIARIO RBR PROPERTIES - FII;126;81.01;1480026;04/2019;Investidor Qualificado
354389064;Mandato: RendaSegmento de Atuação: OutrosTipo de Gestão: Ativa;14.413.342/0001-48;18/12/2014;;354121666;0.0;;FUNDO DE INVESTIMENTO IMOBILIÁRIO RENDA CORPORATIVA ANGICO - FII;2;13649.46;25944;04/2019;Investidor Qualificado
372689623;Mandato: RendaSegmento de Atuação: Lajes CorporativasTipo de Gestão: Ativa;03.683.056/0001-86;12/01/2000;0,2922%;371627211;0.0;BRFFCICTF005;FUNDO DE INVESTIMENTO IMOBILIÁRIO RIO BRAVO RENDA CORPORATIVA;9220;171.26;2170000;04/2019;Investidores em Geral
436888143;Mandato: Desenvolvimento para RendaSegmento de Atuação: OutrosTipo de Gestão: Ativa;15.576.907/0001-70;01/11/2012;0,7953%;432869242;0.0;BRAGCXCTF003;FUNDO DE INVESTIMENTO IMOBILIÁRIO RIO BRAVO RENDA VAREJO - FII;5454;1068.81;405000;04/2019;Investidores em Geral
252312498;Mandato: RendaSegmento de Atuação: Lajes CorporativasTipo de Gestão: Passiva;15.006.286/0001-90;20/04/2012;0,5228%;250946598;0.0;BRRNGOCTF003;FUNDO DE INVESTIMENTO IMOBILIÁRIO RIO NEGRO - FII;12924;93.78;2676000;04/2019;Investidores em Geral
252312498;Mandato: RendaSegmento de Atuação: Lajes CorporativasTipo de Gestão: Passiva;15.006.286/0001-90;20/04/2012;0,5228%;250946598;0.0;BRRNGOCTF003;FUNDO DE INVESTIMENTO IMOBILIÁRIO RIO NEGRO - FII;12924;93.78;2676000;04/2019;Investidores em Geral
126104956;Mandato: RendaSegmento de Atuação: OutrosTipo de Gestão: Ativa;12.516.185/0001-70;24/07/2013;;58244664;0.0;;FUNDO DE INVESTIMENTO IMOBILIARIO RM LEBLON CORPORATE;48;54.9;1060836;04/2019;Investidores em Geral
106036863;Mandato: RendaSegmento de Atuação: Lajes CorporativasTipo de Gestão: Ativa;09.350.920/0001-04;28/07/2008;0,7684%;106004087;0.0;BRSFNDCTF006;FUNDO DE INVESTIMENTO IMOBILIÁRIO SÃO FERNANDO;55;108.01;981472;04/2019;Investidores em Geral
221190250;Mandato: RendaSegmento de Atuação: Lajes CorporativasTipo de Gestão: Ativa;12.804.013/0001-00;25/10/2010;0,0000%;202711064;0.0;BRFISCCTF008;FUNDO DE INVESTIMENTO IMOBILIÁRIO SC 401;68;1586.16;127800;04/2019;Investidores em Geral
328389163;Mandato: RendaSegmento de Atuação: LogísticaTipo de Gestão: Passiva;16.671.412/0001-93;16/11/2012;0,6360%;315544410;0.0;BRSDILCTF004;FUNDO DE INVESTIMENTO IMOBILIARIO SDI RIO BRAVO RENDA LOGÍSTICA - FII;8119;92.18;3422972;04/2019;Investidores em Geral
328389163;Mandato: RendaSegmento de Atuação: LogísticaTipo de Gestão: Passiva;16.671.412/0001-93;16/11/2012;0,6360%;315544410;0.0;BRSDILCTF004;FUNDO DE INVESTIMENTO IMOBILIARIO SDI RIO BRAVO RENDA LOGÍSTICA - FII;8119;92.18;3422972;04/2019;Investidores em Geral
52198367;Mandato: HíbridoSegmento de Atuação: HíbridoTipo de Gestão: Ativa;23.538.112/0001-04;16/10/2015;0,0000%;51999895;0.0;;FUNDO DE INVESTIMENTO IMOBILIARIO SF - FII;1;1.57;33100000;04/2019;Investidor Profissional
27020323;Mandato: Segmento de Atuação: Tipo de Gestão:;27.538.460/0001-24;20/12/2017;0,0000%;26996254;0.0;0;FUNDO DE INVESTIMENTO IMOBILIÁRIO SHARE STUDENT LIVING;2;1152.8;23418;04/2019;Investidores em Geral
27020323;Mandato: Segmento de Atuação: Tipo de Gestão:;27.538.460/0001-24;20/12/2017;0,0000%;26996254;0.0;0;FUNDO DE INVESTIMENTO IMOBILIÁRIO SHARE STUDENT LIVING;2;1152.8;23418;04/2019;Investidores em Geral
27020323;Mandato: Segmento de Atuação: Tipo de Gestão:;27.538.460/0001-24;20/12/2017;0,0000%;26996254;0.0;0;FUNDO DE INVESTIMENTO IMOBILIÁRIO SHARE STUDENT LIVING;2;1152.8;23418;04/2019;Investidores em Geral
27020323;Mandato: Segmento de Atuação: Tipo de Gestão:;27.538.460/0001-24;20/12/2017;0,0000%;26996254;0.0;0;FUNDO DE INVESTIMENTO IMOBILIÁRIO SHARE STUDENT LIVING;2;1152.8;23418;04/2019;Investidores em Geral
519278899;Mandato: RendaSegmento de Atuação: HíbridoTipo de Gestão: Ativa;15.447.110/0001-73;28/12/2016;0,0000%;517823501;0.0;BRALVSCTF003;FUNDO DE INVESTIMENTO IMOBILIÁRIO SHOPPING CIDADE JARDIM;1;1.22;424590000;04/2019;Investidor Qualificado
270113036;Mandato: RendaSegmento de Atuação: HíbridoTipo de Gestão: Ativa;17.308.805/0001-08;03/06/2015;0,0000%;271686907;0.0;;FUNDO DE INVESTIMENTO IMOBILIARIO SHOPPING LIGHT;1;1650.29;164630;04/2019;Investidor Qualificado
432295451;Mandato: RendaSegmento de Atuação: ShoppingsTipo de Gestão: Passiva;03.507.519/0001-59;15/10/1999;0,5008%;431772452;0.0;BRSHPHCTF008;FUNDO DE INVESTIMENTO IMOBILIÁRIO SHOPPING PÁTIO HIGIENOPOLIS;2438;709.04;608950;04/2019;Investidores em Geral
55420890;Mandato: RendaSegmento de Atuação: HíbridoTipo de Gestão: Ativa;16.802.360/0001-47;03/04/2017;;55211718;0.0;0;FUNDO DE INVESTIMENTO IMOBILIÁRIO SOFI;12;4381.88;12600;04/2019;Investidor Qualificado
42812577;Mandato: RendaSegmento de Atuação: OutrosTipo de Gestão: Ativa;20.132.453/0001-89;26/06/2014;;42754855;0.0;;FUNDO DE INVESTIMENTO IMOBILIARIO TC BTOWERS - FII TC BTOWERS;18;4.96;8628009;04/2019;Investidor Qualificado
283649797;Mandato: HíbridoSegmento de Atuação: OutrosTipo de Gestão: Ativa;25.032.881/0001-53;22/09/2017;0,0000%;146087715;0.0;BRTGARR02M11;FUNDO DE INVESTIMENTO IMOBILIÁRIO TG ATIVO REAL;2273;128.09;1140552;04/2019;Investidor Profissional
101673246;Mandato: RendaSegmento de Atuação: Lajes CorporativasTipo de Gestão: Ativa;12.948.291/0001-23;07/01/2011;0,6457%;101610210;0.0;BRONEFCTF003;FUNDO DE INVESTIMENTO IMOBILIÁRIO THE ONE;1729;111.54;911000;04/2019;Investidores em Geral
760789767;Mandato: HíbridoSegmento de Atuação: HíbridoTipo de Gestão: Ativa;23.570.871/0001-46;20/10/2015;0,0000%;319356249;0.0;;FUNDO DE INVESTIMENTO IMOBILIÁRIO TM - FII;1;0.93;344497662;04/2019;Investidor Profissional
428505416;Mandato: RendaSegmento de Atuação: HíbridoTipo de Gestão: Ativa;23.768.027/0001-24;01/07/2016;0,0000%;425655414;0.0;;FUNDO DE INVESTIMENTO IMOBILIÁRIO TOP CENTER;1;1.32;322214000;04/2019;Investidor Qualificado
847931;Mandato: Segmento de Atuação: Tipo de Gestão:;26.846.280/0001-47;28/11/2016;0,0000%;836206;0.0;0;FUNDO DE INVESTIMENTO IMOBILIÁRIO TORDESILHAS;1;480.3;1741;04/2019;Investidor Profissional
221459697;Mandato: HíbridoSegmento de Atuação: OutrosTipo de Gestão: Ativa;26.395.660/0001-02;23/12/2016;0,0000%;219820013;0.0;BRTORMCTF024;FUNDO DE INVESTIMENTO IMOBILIÁRIO TOURMALET I;255;116.87;1880850;04/2019;Investidor Qualificado
86315116;Mandato: HíbridoSegmento de Atuação: OutrosTipo de Gestão: Ativa;30.578.316/0001-26;03/09/2018;0,0000%;86151386;0.0;BRTOURCTF019;FUNDO DE INVESTIMENTO IMOBILIÁRIO TOURMALET II;145;8615.14;10000;04/2019;Investidor Qualificado
144271090;Mandato: RendaSegmento de Atuação: HíbridoTipo de Gestão: Ativa;08.693.497/0001-82;31/05/2007;0,6173%;143063600;0.0;BRVERECTF002;FUNDO DE INVESTIMENTO IMOBILIARIO VEREDA - FII;53;260.08;550084;04/2019;Investidores em Geral
522621385;Mandato: RendaSegmento de Atuação: ShoppingsTipo de Gestão: Passiva;00.332.266/0001-31;24/11/1994;0,5247%;519005942;0.0;BRFVPQCTF015;FUNDO DE INVESTIMENTO IMOBILIÁRIO VIA PARQUE SHOPPING - FII;2310;188.78;2749208;04/2019;Investidores em Geral
86745253;Mandato: RendaSegmento de Atuação: ShoppingsTipo de Gestão: Passiva;17.854.016/0001-64;01/07/2014;0,0000%;81691973;0.0;BRFIVNCTF009;FUNDO DE INVESTIMENTO IMOBILIÁRIO VIDA NOVA - FII;812;8.68;9412630;04/2019;Investidores em Geral
1106651194;Mandato: Títulos e Valores MobiliáriosSegmento de Atuação: Títulos e Val. Mob.Tipo de Gestão: Ativa;10.348.185/0001-83;18/08/2010;0,4678%;1059014107;0.0;BRVBRECTF008;FUNDO DE INVESTIMENTO IMOBILIÁRIO VOTORANTIM SECURITIES II;595;1000.99;1057971;04/2019;Investidor Qualificado
43159401;Mandato: Desenvolvimento para RendaSegmento de Atuação: OutrosTipo de Gestão: Ativa;20.265.467/0001-70;17/12/2014;0,0000%;39613156;1.0;;FUNDO DE INVESTIMENTO IMOBILIÁRIO VOTORANTIM BERLIM;50;192.05;206261;04/2019;Investidor Qualificado
152748595;Mandato: Desenvolvimento para RendaSegmento de Atuação: HíbridoTipo de Gestão: Ativa;23.120.006/0001-06;09/08/2016;0,0000%;152522369;1.0;BRVTPACTF002;FUNDO DE INVESTIMENTO IMOBILIÁRIO VOTORANTIM BII BTS-FII;6;90.96;1676785;04/2019;Investidor Qualificado
205475887;Mandato: RendaSegmento de Atuação: LogísticaTipo de Gestão: Ativa;27.368.600/0001-63;15/12/2017;0,7127%;205293320;0.0;BRVTLTCTF001;FUNDO DE INVESTIMENTO IMOBILIÁRIO VOTORANTIM LOGÍSTICA;236;97.07;2115000;04/2019;Investidor Qualificado
72005805;Mandato: RendaSegmento de Atuação: OutrosTipo de Gestão: Ativa;21.500.481/0001-74;18/11/2016;0,7862%;71950065;1.0;BRVTPACTF002;FUNDO DE INVESTIMENTO IMOBILIÁRIO VOTORANTIM PATRIMONIAL V;1;110.69;650000;04/2019;Investidor Qualificado
9765655;Mandato: Desenvolvimento para VendaSegmento de Atuação: HíbridoTipo de Gestão: Ativa;23.740.552/0001-31;06/04/2016;0,0000%;9709589;1.0;BRVTXICTF009;FUNDO DE INVESTIMENTO IMOBILIARIO VOTORANTIM PATRIMONIAL XII;1;93.81;103500;04/2019;Investidor Profissional
197405185;Mandato: Títulos e Valores MobiliáriosSegmento de Atuação: Títulos e Val. Mob.Tipo de Gestão: Ativa;10.347.505/0001-80;14/01/2010;0,3693%;193900697;0.0;BRVSECCTF004;FUNDO DE INVESTIMENTO IMOBILIÁRIO VOTORANTIM SECURITIES;215;1001.97;193519;04/2019;Investidor Qualificado
215480105;Mandato: Títulos e Valores MobiliáriosSegmento de Atuação: Títulos e Val. Mob.Tipo de Gestão: Ativa;14.422.044/0001-14;26/10/2011;0,0000%;209031246;0.0;BRVTRTCTF008;FUNDO DE INVESTIMENTO IMOBILIÁRIO VOTORANTIM SECURITIES III;310;1020.65;204803;04/2019;Investidor Qualificado
213672948;Mandato: RendaSegmento de Atuação: ShoppingsTipo de Gestão: Ativa;23.740.595/0001-17;30/08/2018;0,5907%;212976828;0.0;BRVSHOCTF002;FUNDO DE INVESTIMENTO IMOBILIÁRIO VOTORANTIM SHOPPING;302;101.48;2098800;04/2019;Investidor Qualificado
67672558;Mandato: RendaSegmento de Atuação: HíbridoTipo de Gestão: Ativa;01.601.918/0001-59;14/01/1997;0,0000%;67098508;0.0;BRFTLZCTF001;FUNDO FORTALEZA INVESTIMENTO IMOBILIÁRIO;8;134.2;500000;04/2019;Investidores em Geral
230643297;Mandato: HíbridoSegmento de Atuação: HíbridoTipo de Gestão: Ativa;22.340.978/0001-35;13/01/2016;0,0000%;230540833;1.0;;G5 JOMAFIL - FUNDO DE INVESTIMENTO IMOBILIARIO - FII;3;3201956.01;72;04/2019;Investidor Qualificado e Profissional
635794568;Mandato: RendaSegmento de Atuação: ShoppingsTipo de Gestão: Passiva;11.769.604/0001-13;30/09/2013;;635243169;0.0;0;GENERAL SHOPPING E OUTLETS DO BRASIL FUNDO DE INVESTIMENTO IMOBILIÁRIO - FII;1;9.28;68482196;04/2019;Investidor Qualificado
201432551;Mandato: RendaSegmento de Atuação: HíbridoTipo de Gestão: Ativa;04.141.645/0001-03;29/08/2000;0,4898%;199783857;0.0;BRFLMACTF009;FII CONTINENTAL SQUARE FARIA LIMA;18641;2.89;69033500;04/2019;Investidores em Geral
151790018;Mandato: RendaSegmento de Atuação: Lajes CorporativasTipo de Gestão: Passiva;13.966.653/0001-71;22/12/2011;0,5728%;150342062;0.0;BRTHRACTF007;FII CYRELA THERA CORPORATE;2349;102.08;1472728;04/2019;Investidores em Geral
344497566;Mandato: RendaSegmento de Atuação: Lajes CorporativasTipo de Gestão: Passiva;05.562.312/0001-02;17/03/2003;0,9078%;336115390;0.0;BRFAMBCTF018;FII EDIFICIO ALMIRANTE BARROSO;3125;3207.21;104800;04/2019;Investidores em Geral
44237636;Mandato: RendaSegmento de Atuação: Lajes CorporativasTipo de Gestão: Passiva;06.175.262/0001-73;19/04/2004;0,9647%;43754009;0.0;BREDFOCTF004;FII EDIFÍCIO OURINVEST;542;185.4;236000;04/2019;Investidores em Geral
826032361;Mandato: RendaSegmento de Atuação: ShoppingsTipo de Gestão: Passiva;13.022.994/0001-99;18/11/2010;0,6561%;822068024;0.0;BRELDOCTF002;FII ELDORADO;61;1044.22;787256;04/2019;Investidores em Geral
123077185;Mandato: HíbridoSegmento de Atuação: LogísticaTipo de Gestão: Passiva;05.437.916/0001-27;10/12/2002;0,1877%;122729430;0.0;BREUROCTF011;FII EUROPAR;1320;319.66;383936;04/2019;Investidores em Geral
74653081;Mandato: RendaSegmento de Atuação: ShoppingsTipo de Gestão: Passiva;10.375.382/0001-91;21/09/2009;0,3715%;74266490;0.0;BRFLRPCTF006;FII FLORIPA SHOPPING;849;1333.55;55691;04/2019;Investidores em Geral
1640911;Mandato: Segmento de Atuação: Tipo de Gestão:;01.964.775/0001-40;03/11/2005;0,0000%;1193015;1.0;BRGEOGCTF005;FII GEO GUARARAPES;6;0.09;12583000;04/2019;Investidor Qualificado e Profissional
53360877;Mandato: RendaSegmento de Atuação: HospitalTipo de Gestão: Passiva;04.066.582/0001-60;03/10/2000;0,9124%;52639544;0.0;BRHCRICTF006;FII HOSPITAL DA CRIANÇA;2179;263.2;200000;04/2019;Investidores em Geral
210927226;Mandato: RendaSegmento de Atuação: HospitalTipo de Gestão: Passiva;08.014.513/0001-63;20/04/2006;0,8887%;207151784;0.0;BRNSLUCTF008;FII HOSPITAL NOSSA SENHORA DE LOURDES;4146;180.95;1144800;04/2019;Investidores em Geral
156454614;Mandato: RendaSegmento de Atuação: HotelTipo de Gestão: Ativa;08.706.065/0001-69;13/02/2007;0,2913%;154873004;0.0;BRHTMXCTF000;FII HOTEL MAXINVEST;18760;138.41;1118960;04/2019;Investidores em Geral
109138791;Mandato: RendaSegmento de Atuação: OutrosTipo de Gestão: Ativa;11.274.415/0001-70;30/04/2010;0,8561%;105244364;0.0;BRMAXRCTF009;FII MAX RETAIL;1493;1776.43;59245;04/2019;Investidores em Geral
68135921;Mandato: RendaSegmento de Atuação: Lajes CorporativasTipo de Gestão: Passiva;01.633.741/0001-72;18/03/1997;0,0000%;67884175;0.0;BRFMOFCTF010;FII MEMORIAL OFFICE;341;133.63;508008;04/2019;Investidores em Geral
145814976;Mandato: RendaSegmento de Atuação: Lajes CorporativasTipo de Gestão: Ativa;01.497.954/0001-14;22/10/1996;0,0000%;145060114;0.0;BRMISTCTF016;FII MISTRAL;6;16.67;8703994;04/2019;Investidores em Geral
710721381;Mandato: RendaSegmento de Atuação: ShoppingsTipo de Gestão: Passiva;10.869.155/0001-12;19/06/2009;0,5036%;702120903;0.0;BRPQDPCTF004;FII PARQUE DOM PEDRO SHOPPING CENTER;3882;2944.19;238477;04/2019;Investidores em Geral
254664260;Mandato: RendaSegmento de Atuação: HíbridoTipo de Gestão: Ativa;01.636.325/0001-28;10/01/1997;0,4937%;252108730;0.0;BRPMOVCTF008;FII PATEO MOINHOS DE VENTO;4;1079.2;233608;04/2019;Investidores em Geral
91076008;Mandato: Segmento de Atuação: Tipo de Gestão:;09.150.967/0001-24;18/10/2007;0,0000%;22524405;0.0;0;FII PATRIMONIAL IV;1;323.08;69717;05/2019;Investidores em Geral
3117947557;Mandato: RendaSegmento de Atuação: OutrosTipo de Gestão: Passiva;07.583.627/0001-61;23/06/2005;0,0000%;1964785230;0.0;0;FII PENINSULA;1;8734.24;224952;04/2019;Investidor Qualificado
496263958;Mandato: RendaSegmento de Atuação: Lajes CorporativasTipo de Gestão: Ativa;10.456.799/0001-89;24/10/2008;0,0000%;442769663;0.0;0;FII PHORBIS;2;14182.7;31219;04/2019;Investidor Qualificado
631987240;Mandato: RendaSegmento de Atuação: Lajes CorporativasTipo de Gestão: Ativa;10.427.246/0001-06;03/02/2009;1,4479%;616296146;0.0;BRPMEPCTF001;FII PRIME PORTFOLIO;1;99.73;6179347;04/2019;Investidor Qualificado
283233076;Mandato: RendaSegmento de Atuação: Lajes CorporativasTipo de Gestão: Passiva;03.251.720/0001-18;30/06/1999;0,4964%;279659026;0.0;BRFPABCTF011;FII PROJ AGUA BRANCA;960;372.88;750000;04/2019;Investidores em Geral
91427945;Mandato: RendaSegmento de Atuação: Lajes CorporativasTipo de Gestão: Passiva;09.276.964/0001-31;18/12/2007;-0,1858%;91367967;0.0;BRPRPYCTF008;FII PROPERTY INVEST;1;76.58;1193083;04/2019;Investidores em Geral
18967657;Mandato: RendaSegmento de Atuação: LogísticaTipo de Gestão: Passiva;07.352.632/0001-63;19/04/2005;-0,3152%;17830467;0.0;BRRDBSCTF006;FII RODOBENS;1;445.76;40000;04/2019;Investidores em Geral
211997178;Mandato: RendaSegmento de Atuação: ShoppingsTipo de Gestão: Passiva;14.879.856/0001-93;17/07/2012;0,5537%;208983055;0.0;BRJRDMCTF002;FII SHOPPING JARDIM SUL;5098;82.83;2522968;04/2019;Investidores em Geral
1991544291;Mandato: RendaSegmento de Atuação: ShoppingsTipo de Gestão: Passiva;07.224.019/0001-60;28/01/2005;0,5268%;1978164435;0.0;BRSHDPCTF007;FII SHOPPING PARQUE D PEDRO;4;1206.39;1639737;04/2019;Investidores em Geral
196238311;Mandato: RendaSegmento de Atuação: Lajes CorporativasTipo de Gestão: Passiva;07.122.725/0001-00;19/11/2004;-0,0850%;190752341;0.0;BRALMICTF003;FII TORRE ALMIRANTE;4354;1715.75;111177;04/2019;Investidores em Geral
793117338;Mandato: RendaSegmento de Atuação: Lajes CorporativasTipo de Gestão: Passiva;04.722.883/0001-02;10/10/2001;0,3242%;784873459;0.0;BRTRNTCTF013;FII TORRE NORTE;666;199.43;3935562;04/2019;Investidores em Geral
204733713;Mandato: RendaSegmento de Atuação: Lajes CorporativasTipo de Gestão: Passiva;13.022.993/0001-44;03/06/2011;0,3849%;201750837;0.0;BRFVBICTF004;FII VBI FL 4440;5024;93.84;2150000;04/2019;Investidores em Geral
1452929187;Mandato: Títulos e Valores MobiliáriosSegmento de Atuação: Títulos e Val. Mob.Tipo de Gestão: Ativa;20.265.434/0001-20;13/03/2015;0,0000%;1412191955;0.0;BRVTSCCTF002;FII VOTORANTIM SECURITIES IV;842;1020.64;1383630;04/2019;Investidor Qualificado
56993051;Mandato: Títulos e Valores MobiliáriosSegmento de Atuação: Títulos e Val. Mob.Tipo de Gestão: Ativa;14.074.721/0001-50;22/09/2014;0,0000%;56306391;0.0;0;FIRENZE FUNDO DE INVESTIMENTO IMOBILIÁRIO;2;1064.03;52918;04/2019;Investidor Qualificado e Profissional
55400918;Mandato: Segmento de Atuação: Tipo de Gestão:;28.065.397/0001-19;06/09/2017;0,0000%;55301762;0.0;0;FL SHOPPINGS - FUNDO DE INVESTIMENTO IMOBILIÁRIO;3;949.13;58266;04/2019;Investidor Qualificado
552087345;Mandato: RendaSegmento de Atuação: HíbridoTipo de Gestão: Passiva;04.782.236/0001-88;24/08/2001;0,5644%;524014556;0.0;;FP F ANDROMEDA FII;3;176.11;2975484;04/2019;Investidor Qualificado e Profissional
552087345;Mandato: RendaSegmento de Atuação: HíbridoTipo de Gestão: Passiva;04.782.236/0001-88;24/08/2001;0,5644%;524014556;0.0;;FP F ANDROMEDA FII;3;176.11;2975484;04/2019;Investidor Qualificado e Profissional
1188710;Mandato: Desenvolvimento para RendaSegmento de Atuação: HíbridoTipo de Gestão: Ativa;27.771.568/0001-62;04/07/2018;0,0000%;1163274;1.0;;FRAM CAPITAL VI FUNDO DE INVESTIMENTO IMOBILIARIO;1;332.36;3500;04/2019;Investidor Qualificado
65677222;Mandato: Desenvolvimento para RendaSegmento de Atuação: Lajes CorporativasTipo de Gestão: Ativa;02.027.437/0001-44;10/07/1997;0,0000%;65482897;0.0;BRBMIICTF007;FUNDO BRASÍLIO MACHADO DE INVESTIMENTO IMOBILIÁRIO;12;467.73;140000;04/2019;Investidores em Geral
143746594;Mandato: Títulos e Valores MobiliáriosSegmento de Atuação: Títulos e Val. Mob.Tipo de Gestão: Ativa;30.091.444/0001-40;03/09/2018;0,4944%;139502348;0.0;BRKFOFCTF006;FUNDO DE FUNDOS DE INVESTIMENTO IMOBILIÁRIO KINEA FII;976;105.85;1317933;04/2019;Investidores em Geral
167912965;Mandato: RendaSegmento de Atuação: Títulos e Val. Mob.Tipo de Gestão: Ativa;29.787.928/0001-40;13/03/2018;0,3888%;167030238;0.0;BRBTCRCTF006;FUNDO DE INVESTIMENTO IMOBILIARIO - BTG PACTUAL CREDITO IMOBILIARIO;3833;98.25;1700000;04/2019;Investidores em Geral
161493573;Mandato: RendaSegmento de Atuação: HíbridoTipo de Gestão: Passiva;20.019.120/0001-48;13/11/2014;-0,0177%;161433573;1.0;BR00GECTF009;FUNDO DE INVESTIMENTO IMOBILIÁRIO - FII 4KIDS;1;421.43;383059;04/2019;Investidor Qualificado
11557021;Mandato: RendaSegmento de Atuação: Lajes CorporativasTipo de Gestão: Passiva;14.788.458/0001-61;27/01/2012;11,3732%;11530771;0.0;BRAMSACTF005;FUNDO DE INVESTIMENTO IMOBILIÁRIO - FII AMETISTA;1;26.85;429421;04/2019;Investidores em Geral
259227272;Mandato: RendaSegmento de Atuação: OutrosTipo de Gestão: Ativa;17.324.357/0001-28;08/04/2013;0,6765%;257396342;0.0;BRBPFFCTF002;FUNDO DE INVESTIMENTO IMOBILIÁRIO - FII BRASIL PLURAL ABSOLUTO FUNDO DE FUNDOS;6021;96.44;2668860;04/2019;Investidores em Geral
1185604431;Mandato: RendaSegmento de Atuação: HíbridoTipo de Gestão: Ativa;20.680.775/0001-62;23/09/2014;0,5143%;1151220372;1.0;BRBRRICTF007;FUNDO DE INVESTIMENTO IMOBILIÁRIO - FII BRISA RENDA IMOBILIÁRIA;1;1275.54;902535;04/2019;Investidor Qualificado
120060794;Mandato: RendaSegmento de Atuação: LogísticaTipo de Gestão: Passiva;29.800.650/0001-01;14/03/2018;-0,0178%;119991018;0.0;BRBPRPCTF006;FUNDO DE INVESTIMENTO IMOBILIARIO - FII BRLPROP;62;99.88;1201346;04/2019;Investidor Qualificado
2292996618;Mandato: RendaSegmento de Atuação: HíbridoTipo de Gestão: Ativa;08.924.783/0001-01;21/06/2007;0,7799%;2079156340;0.0;BRBRCRCTF000;FUNDO DE INVESTIMENTO IMOBILIÁRIO - FII BTG PACTUAL CORPORATE OFFICE FUND;62463;108.15;19224537;04/2019;Investidores em Geral
151156086;Mandato: RendaSegmento de Atuação: Títulos e Val. Mob.Tipo de Gestão: Ativa;09.552.812/0001-14;06/05/2008;0,8263%;149761248;0.0;BRFEXCCTF007;FUNDO DE INVESTIMENTO IMOBILIÁRIO - FII BTG PACTUAL FUNDO DE CRI;6329;102.49;1461280;04/2019;Investidores em Geral
743892191;Mandato: RendaSegmento de Atuação: Títulos e Val. Mob.Tipo de Gestão: Ativa;11.026.627/0001-38;07/01/2010;0,4871%;731650983;0.0;BRBCFFCTF000;FUNDO DE INVESTIMENTO IMOBILIÁRIO - FII BTG PACTUAL FUNDO DE FUNDOS;50608;86.59;8449360;04/2019;Investidores em Geral
161589104;Mandato: RendaSegmento de Atuação: Lajes CorporativasTipo de Gestão: Passiva;15.799.397/0001-09;07/11/2012;0,6187%;160392732;0.0;BRCEOCCTF003;FUNDO DE INVESTIMENTO IMOBILIARIO - FII CEO CYRELA COMMERCIAL PROPERTIES;4616;88.34;1815696;04/2019;Investidores em Geral
328580784;Mandato: RendaSegmento de Atuação: Lajes CorporativasTipo de Gestão: Passiva;15.333.306/0001-37;05/09/2012;0,2228%;326119050;0.0;BREDGACTF001;FUNDO DE INVESTIMENTO IMOBILIARIO - FII EDIFICIO GALERIA;5406;85.55;3812055;04/2019;Investidores em Geral
22940688;Mandato: HíbridoSegmento de Atuação: HíbridoTipo de Gestão: Ativa;14.788.476/0001-43;29/01/2013;0,0000%;197457;0.0;;FUNDO DE INVESTIMENTO IMOBILIARIO - FII ESMERALDA;1;16.6;11896;12/2017;Investidores em Geral
372863204;Mandato: RendaSegmento de Atuação: HíbridoTipo de Gestão: Ativa;17.282.011/0001-04;15/02/2013;-1,9354%;214244630;0.0;BRGLDNCTF009;FUNDO DE INVESTIMENTO IMOBILIARIO - FII GOLDEN;1;1040.11;205983;04/2019;Investidores em Geral
14531176;Mandato: RendaSegmento de Atuação: HotelTipo de Gestão: Passiva;20.787.427/0001-99;18/12/2014;-0,2796%;14476033;0.0;BRFMLICTF002;FUNDO DE INVESTIMENTO IMOBILIÁRIO - FII MEILI;1;692.96;20890;04/2019;Investidores em Geral
11993421;Mandato: RendaSegmento de Atuação: Títulos e Val. Mob.Tipo de Gestão: Ativa;18.085.673/0001-57;25/10/2015;0,8113%;11857444;0.0;BRNCHBCTF000;FUNDO DE INVESTIMENTO IMOBILIÁRIO - FII NCH BRASIL RECEBÍVEIS IMOBILIÁRIOS;1;289.21;41000;04/2019;Investidor Qualificado
302353485;Mandato: Desenvolvimento para RendaSegmento de Atuação: HospitalTipo de Gestão: Ativa;17.025.970/0001-44;28/07/2014;0,7336%;298345864;0.0;BRNVHOCTF003;FUNDO DE INVESTIMENTO IMOBILIARIO - FII NOVO HORIZONTE;93;7.19;41494533;04/2019;Investidor Qualificado
512111970;Mandato: RendaSegmento de Atuação: Lajes CorporativasTipo de Gestão: Passiva;14.788.492/0001-36;21/01/2013;0,8048%;179045868;0.0;BRPATBCTF004;FUNDO DE INVESTIMENTO IMOBILIARIO - FII PATEO BANDEIRANTES;67;97.51;1836202;04/2019;Investidores em Geral
48718093;Mandato: RendaSegmento de Atuação: HíbridoTipo de Gestão: Passiva;26.314.437/0001-93;04/10/2016;-0,2956%;48536487;0.0;BRRBRMCTF009;FUNDO DE INVESTIMENTO IMOBILIÁRIO - FII RBR DESENVOLVIMENTO;45;94245.61;515;04/2019;Investidor Qualificado
1051036;Mandato: Desenvolvimento para RendaSegmento de Atuação: HíbridoTipo de Gestão: Ativa;32.441.656/0001-36;16/04/2019;-3,8629%;957081;1.0;;FUNDO DE INVESTIMENTO IMOBILIÁRIO - FII RBR DESENVOLVIMENTO III;75;958.04;999;04/2019;Investidor Qualificado
458602645;Mandato: RendaSegmento de Atuação: Títulos e Val. Mob.Tipo de Gestão: Ativa;29.467.977/0001-03;03/05/2018;0,4448%;453576010;0.0;BRRBRRCTF008;FUNDO DE INVESTIMENTO IMOBILIARIO - FII RBR RENDIMENTO HIGH GRADE;37056;96.65;4693062;04/2019;Investidores em Geral
91427270;Mandato: Desenvolvimento para RendaSegmento de Atuação: Lajes CorporativasTipo de Gestão: Passiva;17.311.079/0001-74;19/03/2014;0,0000%;90838243;0.0;BRSAICCTF009;FUNDO DE INVESTIMENTO IMOBILIARIO - FII SIA CORPORATE;51;63.53;1429740;04/2019;Investidor Qualificado
889497060;Mandato: RendaSegmento de Atuação: Lajes CorporativasTipo de Gestão: Passiva;17.365.105/0001-47;07/06/2013;0,6992%;879003566;0.0;BRTBOFCTF006;FUNDO DE INVESTIMENTO IMOBILIÁRIO - FII TB OFFICE;9428;87.46;10050000;04/2019;Investidores em Geral
116264320;Mandato: RendaSegmento de Atuação: HíbridoTipo de Gestão: Ativa;32.274.163/0001-59;24/04/2019;;116242698;0.0;BRRECTCTF000;FUNDO DE INVESTIMENTO IMOBILIARIO - FII UBS (BR) OFFICE;1592;96.44;1205292;04/2019;Investidor Profissional
325810507;Mandato: Títulos e Valores MobiliáriosSegmento de Atuação: Títulos e Val. Mob.Tipo de Gestão: Ativa;28.152.272/0001-26;16/10/2017;0,7557%;322885402;0.0;BRUBSRCTF000;FUNDO DE INVESTIMENTO IMOBILIÁRIO - FII UBS (BR) RECEBÍVEIS IMOBILIÁRIOS;1592;97.92;3297522;04/2019;Investidores em Geral
325810507;Mandato: Títulos e Valores MobiliáriosSegmento de Atuação: Títulos e Val. Mob.Tipo de Gestão: Ativa;28.152.272/0001-26;16/10/2017;0,7557%;322885402;0.0;BRUBSRCTF000;FUNDO DE INVESTIMENTO IMOBILIÁRIO - FII UBS (BR) RECEBÍVEIS IMOBILIÁRIOS;1592;97.92;3297522;04/2019;Investidores em Geral
153163277;Mandato: RendaSegmento de Atuação: Lajes CorporativasTipo de Gestão: Passiva;15.296.696/0001-12;08/08/2012;0,3743%;151857358;0.0;BRVLOLCTF009;FUNDO DE INVESTIMENTO IMOBILIARIO - FII VILA OLIMPIA CORPORATE;5068;85.08;1784828;04/2019;Investidores em Geral
4018628;Mandato: Desenvolvimento para VendaSegmento de Atuação: HíbridoTipo de Gestão: Ativa;30.982.923/0001-57;24/12/2018;0,0000%;4001628;0.0;0;FUNDO DE INVESTIMENTO IMOBILIÁRIO - FII VITACON;1;971.27;4120;04/2019;Investidor Qualificado
188780627;Mandato: RendaSegmento de Atuação: OutrosTipo de Gestão: Ativa;26.846.202/0001-42;02/12/2016;0,0000%;187572938;0.0;BRHBTTCTF001;FUNDO DE INVESTIMENTO IMOBILIÁRIO - HABITAT I;64;1173.71;159812;04/2019;Investidores em Geral
12731187;Mandato: HíbridoSegmento de Atuação: LogísticaTipo de Gestão: Ativa;28.729.197/0001-13;02/04/2019;;12710718;0.0;0;FUNDO DE INVESTIMENTO IMOBILIÁRIO - VBI CRÉDITO;1;100.89;125987;04/2019;Investidor Profissional
301537107;Mandato: RendaSegmento de Atuação: LogísticaTipo de Gestão: Ativa;30.629.603/0001-18;09/11/2018;0,7764%;295600977;0.0;BRLVBICTF002;FUNDO DE INVESTIMENTO IMOBILIARIO - VBI LOGISTICO;841;97.56;3030000;04/2019;Investidores em Geral
1050000;Mandato: HíbridoSegmento de Atuação: HíbridoTipo de Gestão: Ativa;30.642.032/0001-51;30/04/2019;0,0000%;1050000;0.0;;FUNDO DE INVESTIMENTO IMOBILIÁRIO BACURI;1;1000.0;1050;04/2019;Investidor Profissional
53806921;Mandato: Títulos e Valores MobiliáriosSegmento de Atuação: Títulos e Val. Mob.Tipo de Gestão: Ativa;29.267.567/0001-00;12/12/2018;0,8626%;53326852;0.0;-;FUNDO DE INVESTIMENTO IMOBILIÁRIO BARIGUI RENDIMENTOS IMOBILIÁRIOS I FII;12;99.81;534283;04/2019;Investidor Profissional
159649428;Mandato: Segmento de Atuação: Tipo de Gestão:;15.461.076/0001-91;22/08/2012;;158543234;1.0;BRBRHTCTF005;FUNDO DE INVESTIMENTO IMOBILIÁRIO BR HOTÉIS;11;86.09;1841677;04/2019;Investidor Qualificado e Profissional
159649428;Mandato: Segmento de Atuação: Tipo de Gestão:;15.461.076/0001-91;22/08/2012;;158543234;1.0;BRBRHTCTF005;FUNDO DE INVESTIMENTO IMOBILIÁRIO BR HOTÉIS;11;86.09;1841677;04/2019;Investidor Qualificado e Profissional
45509;Mandato: HíbridoSegmento de Atuação: OutrosTipo de Gestão: Ativa;26.846.134/0001-11;28/11/2016;0,0000%;21110;0.0;0;FUNDO DE INVESTIMENTO IMOBILIÁRIO BRASIL LAND;1;24.55;860;04/2019;Investidor Qualificado
693413946;Mandato: RendaSegmento de Atuação: OutrosTipo de Gestão: Ativa;21.126.204/0001-43;30/10/2014;1,2738%;693037355;0.0;BRBVARCTF006;FUNDO DE INVESTIMENTO IMOBILIÁRIO BRASIL VAREJO;69;1107.9;625540;04/2019;Investidores em Geral
146258906;Mandato: RendaSegmento de Atuação: Lajes CorporativasTipo de Gestão: Passiva;10.991.914/0001-15;13/07/2009;0,9095%;144486770;0.0;BRCXCECTF004;FUNDO DE INVESTIMENTO IMOBILIARIO CAIXA CEDAE;1030;2108.74;68518;04/2019;Investidores em Geral
211439716;Mandato: HíbridoSegmento de Atuação: HíbridoTipo de Gestão: Ativa;22.211.522/0001-75;21/05/2015;;202910289;1.0;BRCXSPCTF006;FUNDO DE INVESTIMENTO IMOBILIARIO CAIXA CONVIDA SUAPE - FII;1;1127279.38;180;05/2019;Investidor Qualificado
276413164;Mandato: HíbridoSegmento de Atuação: HíbridoTipo de Gestão: Ativa;13.020.465/0001-56;01/05/2013;0,0000%;252844155;1.0;BRCXDSCTF002;FUNDO DE INVESTIMENTO IMOBILIARIO CAIXA DESENVOLVIMENTO IMOBILIARIO;1;851327.12;297;04/2019;Investidor Qualificado
551240531;Mandato: Desenvolvimento para VendaSegmento de Atuação: ResidencialTipo de Gestão: Ativa;12.969.125/0001-03;31/05/2012;0,0000%;543589819;0.0;BRINCPCTF008;FUNDO DE INVESTIMENTO IMOBILIARIO CAIXA INCORPORACAO;1;1164003.9;467;04/2019;Investidor Profissional
38565180;Mandato: RendaSegmento de Atuação: LogísticaTipo de Gestão: Passiva;12.887.506/0001-43;07/12/2011;0,1128%;37851730;0.0;BRCXTLCTF003;FUNDO DE INVESTIMENTO IMOBILIARIO CAIXA TRX LOGISTICA RENDA;608;706.23;53597;04/2019;Investidores em Geral
84199134;Mandato: RendaSegmento de Atuação: HíbridoTipo de Gestão: Ativa;30.492.505/0001-81;11/06/2018;0,0000%;84166392;0.0;BRCDUPCTF004;FUNDO DE INVESTIMENTO IMOBILIÁRIO CDURP;1;1.09;77318778;05/2019;Investidor Qualificado
124200489;Mandato: Desenvolvimento para RendaSegmento de Atuação: Lajes CorporativasTipo de Gestão: Ativa;00.762.723/0001-28;18/08/1995;0,7779%;123193353;0.0;BRCTXTCTF014;FUNDO DE INVESTIMENTO IMOBILIÁRIO CENTRO TEXTIL INTERNACIONAL;3532;47.49;2594279;04/2019;Investidores em Geral
206965636;Mandato: RendaSegmento de Atuação: HíbridoTipo de Gestão: Ativa;23.582.914/0001-03;20/10/2015;0,1923%;85292724;1.0;BRCJFICTF007;FUNDO DE INVESTIMENTO IMOBILIÁRIO CJ - FII;1;1.9;45009054;04/2019;Investidores em Geral
196133077;Mandato: RendaSegmento de Atuação: HíbridoTipo de Gestão: Ativa;27.368.863/0001-72;25/01/2018;;195883401;0.0;0;FUNDO DE INVESTIMENTO IMOBILIÁRIO COLATERAL;1;998.15;196247;04/2019;Investidor Qualificado
4634712076;Mandato: HíbridoSegmento de Atuação: HíbridoTipo de Gestão: Ativa;12.927.767/0001-40;30/03/2011;0,0000%;246911532;1.0;BRRPORCTF005;FUNDO DE INVESTIMENTO IMOBILIÁRIO DA REGIÃO DO PORTO;2;0.85;290922157;04/2019;Investidor Qualificado
10082476;Mandato: HíbridoSegmento de Atuação: OutrosTipo de Gestão: Ativa;13.598.226/0001-88;09/04/2019;0,0000%;10012476;0.0;BRFISPCTF000;FUNDO DE INVESTIMENTO IMOBILIÁRIO DO ESTADO DE SÃO PAULO;1;1001.25;10000;04/2019;Investidor Qualificado
89732203;Mandato: HíbridoSegmento de Atuação: OutrosTipo de Gestão: Ativa;18.730.914/0001-73;06/09/2013;;89281196;1.0;0;FUNDO DE INVESTIMENTO IMOBILIÁRIO EXCLUSIVO INFRA PATRIMONIAL II;1;1623294.47;55;04/2019;Investidor Profissional
1319125906;Mandato: RendaSegmento de Atuação: OutrosTipo de Gestão: Ativa;08.417.532/0001-30;14/08/2006;0,0000%;188838503;0.0;0;FUNDO DE INVESTIMENTO IMOBILIÁRIO FCM;2;4020.32;46971;04/2019;Investidores em Geral
898850670;Mandato: HíbridoSegmento de Atuação: HíbridoTipo de Gestão: Ativa;19.239.245/0001-02;04/09/2014;0,0000%;597650620;0.0;;FUNDO DE INVESTIMENTO IMOBILIÁRIO FL 3.500 I - FII;1;1369.78;436312;04/2019;Investidor Profissional
60176263;Mandato: RendaSegmento de Atuação: OutrosTipo de Gestão: Passiva;17.007.528/0001-95;04/07/2016;2,3268%;46145525;0.0;BRGESECTF001;FUNDO DE INVESTIMENTO IMOBILIARIO GENERAL SEVERIANO;53;1187.24;38868;04/2019;Investidor Qualificado e Profissional
249637670;Mandato: RendaSegmento de Atuação: ShoppingsTipo de Gestão: Passiva;17.590.518/0001-25;20/06/2013;0,8695%;248133467;0.0;BRFIGSCTF009;FUNDO DE INVESTIMENTO IMOBILIÁRIO GENERAL SHOPPING ATIVO E RENDA - FII;14003;95.75;2591500;04/2019;Investidores em Geral
912494928;Mandato: RendaSegmento de Atuação: ShoppingsTipo de Gestão: Passiva;01.201.140/0001-90;17/05/1996;0,6066%;905535642;0.0;BRABCPCTF000;FUNDO DE INVESTIMENTO IMOBILIÁRIO GRAND PLAZA SHOPPING;25089;74.2;12203833;04/2019;Investidores em Geral
1245033318;Mandato: RendaSegmento de Atuação: Lajes CorporativasTipo de Gestão: Ativa;23.740.527/0001-58;11/07/2017;0,8193%;1233797851;0.0;BRGTWRCTF003;FUNDO DE INVESTIMENTO IMOBILIÁRIO GREEN TOWERS;3076;102.82;12000000;04/2019;Investidor Qualificado
65016900;Mandato: HíbridoSegmento de Atuação: OutrosTipo de Gestão: Ativa;30.578.275/0001-78;05/07/2018;0,0000%;64994700;0.0;0;FUNDO DE INVESTIMENTO IMOBILIÁRIO GV BLUE CHIP;1;1037.21;62663;04/2019;Investidor Profissional
13457999;Mandato: Segmento de Atuação: Tipo de Gestão:;27.538.477/0001-81;16/05/2018;0,0000%;13282384;0.0;0;FUNDO DE INVESTIMENTO IMOBILIARIO HARMONIA;1;62358.61;213;04/2019;Investidor Qualificado
13457999;Mandato: Segmento de Atuação: Tipo de Gestão:;27.538.477/0001-81;16/05/2018;0,0000%;13282384;0.0;0;FUNDO DE INVESTIMENTO IMOBILIARIO HARMONIA;1;62358.61;213;04/2019;Investidor Qualificado
102515729;Mandato: RendaSegmento de Atuação: HíbridoTipo de Gestão: Passiva;00.868.235/0001-08;03/10/1995;0,2838%;102027563;0.0;BRHERMCTF004;FUNDO DE INVESTIMENTO IMOBILIÁRIO HERMES;7;1878.41;54316;04/2019;Investidores em Geral
72422646;Mandato: Desenvolvimento para RendaSegmento de Atuação: OutrosTipo de Gestão: Passiva;28.851.767/0001-43;06/10/2017;0,0000%;72350788;1.0;BRHUSCCTF009;FUNDO DE INVESTIMENTO IMOBILIARIO HOSPITAL UNIMED SUL CAPIXABA;306;100.23;721821;04/2019;Investidores em Geral
130187697;Mandato: HíbridoSegmento de Atuação: HíbridoTipo de Gestão: Ativa;17.035.124/0001-05;15/12/2014;;21640507;0.0;;FUNDO DE INVESTIMENTO IMOBILIÁRIO HUMAITÁ - FII;1;21640.51;1000;05/2019;Investidor Profissional
268974255;Mandato: HíbridoSegmento de Atuação: HíbridoTipo de Gestão: Passiva;14.217.108/0001-45;19/08/2011;0,6690%;266338730;0.0;BRFIIBCTF001;FUNDO DE INVESTIMENTO IMOBILIARIO INDUSTRIAL DO BRASIL;11208;388.82;685000;04/2019;Investidores em Geral
116592707;Mandato: Desenvolvimento para RendaSegmento de Atuação: LogísticaTipo de Gestão: Ativa;18.369.510/0001-04;04/10/2013;;116476431;0.0;BRFINFCTF002;FUNDO DE INVESTIMENTO IMOBILIÁRIO INFRA REAL ESTATE - FII;4;142.03;820112;04/2019;Investidor Qualificado
186114648;Mandato: RendaSegmento de Atuação: Títulos e Val. Mob.Tipo de Gestão: Ativa;28.830.325/0001-10;06/03/2018;0,8287%;182066586;0.0;BRIRDMCTF004;FUNDO DE INVESTIMENTO IMOBILIARIO IRIDIUM RECEBIVEIS IMOBILIARIOS;8892;97.46;1868099;04/2019;Investidores em Geral
85488629;Mandato: RendaSegmento de Atuação: HíbridoTipo de Gestão: Ativa;14.609.653/0001-87;16/11/2012;;85348205;0.0;BRJCATCTF005;FUNDO DE INVESTIMENTO IMOBILIÁRIO JHSF CATARINA CORPORATE - FII;28;1042.1;81900;04/2019;Investidor Qualificado
24166695;Mandato: Desenvolvimento para RendaSegmento de Atuação: OutrosTipo de Gestão: Passiva;17.211.882/0001-37;18/01/2013;;21258951;0.0;BRJHCTCTF000;FUNDO DE INVESTIMENTO IMOBILIARIO JHSF CATARINA CORPORATE BERLIM;4;1062.95;20000;04/2019;Investidor Qualificado
260651643;Mandato: HíbridoSegmento de Atuação: HíbridoTipo de Gestão: Ativa;23.533.796/0001-43;01/12/2015;0,0000%;145350261;0.0;;FUNDO DE INVESTIMENTO IMOBILIARIO JK D - FII;1;2.26;64451924;04/2019;Investidor Profissional
494767490;Mandato: HíbridoSegmento de Atuação: HíbridoTipo de Gestão: Ativa;23.532.837/0001-87;16/10/2015;0,0000%;207189308;0.0;;FUNDO DE INVESTIMENTO IMOBILIÁRIO JK E - FII;1;1.47;140707233;04/2019;Investidor Profissional
2645468;Mandato: RendaSegmento de Atuação: HíbridoTipo de Gestão: Ativa;24.703.709/0001-11;19/12/2018;;2630468;0.0;0;FUNDO DE INVESTIMENTO IMOBILIÁRIO KEYCASH;1;876.82;3000;04/2019;Investidores em Geral
673550131;Mandato: RendaSegmento de Atuação: OutrosTipo de Gestão: Passiva;23.120.098/0001-16;17/12/2015;0,0000%;420683824;1.0;;FUNDO DE INVESTIMENTO IMOBILIÁRIO LECREC;50;192.04;2190609;04/2019;Investidor Qualificado
120569960;Mandato: RendaSegmento de Atuação: OutrosTipo de Gestão: Ativa;13.500.306/0001-59;08/04/2011;0,7204%;119957639;0.0;BRMBRFCTF004;FUNDO DE INVESTIMENTO IMOBILIÁRIO MERCANTIL DO BRASIL - FII;2451;1179.94;101664;04/2019;Investidores em Geral
33658504;Mandato: RendaSegmento de Atuação: Lajes CorporativasTipo de Gestão: Passiva;27.602.955/0001-75;10/07/2017;0,0000%;33624471;0.0;;FUNDO DE INVESTIMENTO IMOBILIÁRIO MILLENIUM - FII;0;91.89;365940;04/2019;Investidores em Geral
63668757;Mandato: Títulos e Valores MobiliáriosSegmento de Atuação: Títulos e Val. Mob.Tipo de Gestão: Ativa;31.544.514/0001-31;17/12/2018;0,0000%;63575273;0.0;0000;FUNDO DE INVESTIMENTO IMOBILIARIO MIRANTE DAS AGUAS;2;1.0;63666271;04/2019;Investidor Qualificado e Profissional
125241558;Mandato: RendaSegmento de Atuação: Títulos e Val. Mob.Tipo de Gestão: Ativa;29.216.463/0001-77;27/03/2018;1,0411%;121036690;0.0;BRMGFFCTF008;FUNDO DE INVESTIMENTO IMOBILIARIO MOGNO FUNDO DE FUNDOS;3535;100.37;1205927;04/2019;Investidores em Geral
324497716;Mandato: RendaSegmento de Atuação: HíbridoTipo de Gestão: Ativa;19.628.741/0001-40;03/10/2016;0,0000%;328328587;0.0;BRTWNICTF008;FUNDO DE INVESTIMENTO IMOBILIÁRIO MORUMBI TOWN I;1;1.08;303214000;04/2019;Investidor Qualificado
153746551;Mandato: RendaSegmento de Atuação: HíbridoTipo de Gestão: Ativa;23.537.203/0001-17;16/10/2015;0,0409%;153049625;0.0;BRMVFICTF001;FUNDO DE INVESTIMENTO IMOBILIARIO MV9 - FII;1;1.97;77850000;04/2019;Investidores em Geral
1239595336;Mandato: RendaSegmento de Atuação: HospitalTipo de Gestão: Ativa;23.781.211/0001-04;27/11/2015;1,8780%;675802973;0.0;0;FUNDO DE INVESTIMENTO IMOBILIÁRIO NORTHWEST INVESTIMENTOS IMOBILIÁRIOS EM SAÚDE FUND I - FII;1;76.59;8824160;04/2019;Investidores em Geral
187073121;Mandato: RendaSegmento de Atuação: Lajes CorporativasTipo de Gestão: Ativa;30.091.506/0001-14;12/01/2000;0,0000%;187000121;0.0;0;FUNDO DE INVESTIMENTO IMOBILIARIO NOVA IGUACU - FII;1;100.61;1858616;04/2019;Investidores em Geral
52044031;Mandato: Títulos e Valores MobiliáriosSegmento de Atuação: Títulos e Val. Mob.Tipo de Gestão: Ativa;28.516.650/0001-03;02/03/2018;0,0000%;51539587;0.0;BROUCYCTF003;FUNDO DE INVESTIMENTO IMOBILIÁRIO OURINVEST CYRELA FII;703;96.53;533916;04/2019;Investidores em Geral
91461265;Mandato: RendaSegmento de Atuação: OutrosTipo de Gestão: Ativa;13.974.819/0001-00;23/01/2013;0,0000%;90453223;0.0;BROULGCTF001;FUNDO DE INVESTIMENTO IMOBILIÁRIO OURINVEST LOGÍSTICA;250;85.2;1061694;04/2019;Investidor Qualificado
96601181;Mandato: RendaSegmento de Atuação: HíbridoTipo de Gestão: Ativa;28.693.595/0001-27;23/02/2018;0,0000%;88043713;0.0;BRWTSPCTF002;FUNDO DE INVESTIMENTO IMOBILIÁRIO OURINVEST RE I;89;88.7;992565;04/2019;Investidor Qualificado
197220265;Mandato: Desenvolvimento para VendaSegmento de Atuação: HíbridoTipo de Gestão: Passiva;00.613.094/0001-74;14/03/1995;0,0000%;190723861;0.0;BRPABYCTF012;FUNDO DE INVESTIMENTO IMOBILIÁRIO PANAMBY;335;251.48;758400;05/2019;Investidores em Geral
128073866;Mandato: RendaSegmento de Atuação: Lajes CorporativasTipo de Gestão: Ativa;17.161.979/0001-82;25/10/2012;0,3104%;127514579;0.0;BRFPNGCTF005;FUNDO DE INVESTIMENTO IMOBILIÁRIO PEDRA NEGRA RENDA IMOBILIÁRIA;50;161.21;791000;05/2019;Investidores em Geral
117525226;Mandato: RendaSegmento de Atuação: LogísticaTipo de Gestão: Passiva;15.098.422/0001-19;13/12/2013;0,9664%;115958193;0.0;BRVTPLCTF009;FUNDO DE INVESTIMENTO IMOBILIÁRIO PLUS;56;85.89;1350000;04/2019;Investidor Qualificado
11760307;Mandato: HíbridoSegmento de Atuação: HíbridoTipo de Gestão: Ativa;14.665.312/0001-29;19/12/2013;0,0000%;11620320;0.0;;FUNDO DE INVESTIMENTO IMOBILIÁRIO POLO ESTOQUE - FII;2;0.31;37220027;04/2019;Investidor Qualificado
23418703;Mandato: HíbridoSegmento de Atuação: HíbridoTipo de Gestão: Ativa;18.497.672/0001-10;08/05/2014;0,0000%;17374814;0.0;;FUNDO DE INVESTIMENTO IMOBILIARIO POLO ESTOQUE II - FII;2;0.39;44668541;04/2019;Investidor Qualificado
148349014;Mandato: RendaSegmento de Atuação: ShoppingsTipo de Gestão: Passiva;14.721.889/0001-00;20/12/2012;0,4425%;148304381;0.0;BRVPSICTF007;FUNDO DE INVESTIMENTO IMOBILIÁRIO POLO SHOPPING INDAIATUBA;53;18.37;8071897;04/2019;Investidores em Geral
30696303;Mandato: RendaSegmento de Atuação: HíbridoTipo de Gestão: Ativa;27.368.617/0001-10;22/03/2018;0,0000%;30619710;1.0;BRQNTSCTF009;FUNDO DE INVESTIMENTO IMOBILIÁRIO QUINTAS;7;97.67;313495;04/2019;Investidores em Geral
100140549;Mandato: RendaSegmento de Atuação: ShoppingsTipo de Gestão: Ativa;14.088.246/0001-71;30/07/2012;;100106433;0.0;BRRWYMCTF001;FUNDO DE INVESTIMENTO IMOBILIÁRIO RAILWAY MALL I - FII;1;435245.36;230;04/2019;Investidor Qualificado
1715277376;Mandato: Desenvolvimento para RendaSegmento de Atuação: LogísticaTipo de Gestão: Passiva;03.855.441/0001-63;02/05/2000;0,0000%;64033417;0.0;0;FUNDO DE INVESTIMENTO IMOBILIÁRIO RB LOGÍSTICA;2;0.44;144210661;04/2019;Investidores em Geral
203097017;Mandato: RendaSegmento de Atuação: Títulos e Val. Mob.Tipo de Gestão: Ativa;27.529.279/0001-51;14/09/2017;0,6410%;196980108;0.0;BRRBRFCTF003;FUNDO DE INVESTIMENTO IMOBILIARIO RBR ALPHA FUNDO DE FUNDOS;7467;100.18;1966236;04/2019;Investidores em Geral
63292554;Mandato: RendaSegmento de Atuação: Títulos e Val. Mob.Tipo de Gestão: Ativa;30.166.700/0001-11;24/05/2018;0,6494%;62771970;1.0;BRFRBRCTF003;FUNDO DE INVESTIMENTO IMOBILIARIO RBR PRIVATE CREDITO IMOBILIARIO;58;103.13;608678;04/2019;Investidor Qualificado
2324552514;Mandato: RendaSegmento de Atuação: Lajes CorporativasTipo de Gestão: Passiva;19.419.994/0001-03;27/12/2013;0,6881%;2324383718;1.0;-;2509 FUNDO DE INVESTIMENTO IMOBILIÁRIO - FII;1;1543.22;1506194;04/2019;Investidor Qualificado
123781692;Mandato: HíbridoSegmento de Atuação: HíbridoTipo de Gestão: Ativa;19.213.231/0001-01;22/09/2017;;123433585;0.0;;AB CAPITAL FUNDO DE INVESTIMENTO IMOBILIÁRIO;1;961.43;128385;05/2019;Investidor Profissional
37146320;Mandato: HíbridoSegmento de Atuação: HíbridoTipo de Gestão: Ativa;19.959.754/0001-00;17/04/2017;;36997675;0.0;;AB CAPITAL II FUNDO DE INVESTIMENTO IMOBILIÁRIO;1;4140.76;8935;05/2019;Investidor Profissional
114977777;Mandato: Desenvolvimento para RendaSegmento de Atuação: OutrosTipo de Gestão: Passiva;13.873.457/0001-52;08/12/2011;0,8174%;113983723;1.0;BRAEFICTF002;AESAPAR FUNDO DE INVESTIMENTO IMOBIILÁRIO - FII;6701;151.47;752500;04/2019;Investidores em Geral
53014910;Mandato: RendaSegmento de Atuação: HíbridoTipo de Gestão: Ativa;31.547.782/0001-07;03/12/2018;;45238127;0.0;;AGRI8 - FUNDO D E INVESTIMENTO IMOBILIARIO;1;1009.78;44800;04/2019;Investidor Qualificado
118922944;Mandato: RendaSegmento de Atuação: OutrosTipo de Gestão: Ativa;28.737.771/0001-85;27/12/2017;0,6890%;97041593;0.0;BRALZRCTF006;ALIANZA TRUST RENDA IMOBILIARIA - FUNDO DE INVESTIMENTO IMOBILIARIO;6414;97.33;997042;04/2019;Investidores em Geral
167723338;Mandato: Títulos e Valores MobiliáriosSegmento de Atuação: Títulos e Val. Mob.Tipo de Gestão: Ativa;14.069.202/0001-02;16/11/2012;0,0000%;164021084;0.0;BRARFICTF004;AQ3 RENDA FUNDO DE INVESTIMENTO IMOBILIÁRIO;31;1438.1;114054;04/2019;Investidor Qualificado e Profissional
170408142;Mandato: Títulos e Valores MobiliáriosSegmento de Atuação: Títulos e Val. Mob.Tipo de Gestão: Ativa;13.555.918/0001-49;11/03/2011;0,0000%;166916845;0.0;BRAQLLCTF008;AQUILLA FUNDO DE INVESTIMENTO IMOBILIÁRIO;38;1699.4;98221;04/2019;Investidor Qualificado e Profissional
831842472;Mandato: RendaSegmento de Atuação: OutrosTipo de Gestão: Ativa;14.149.745/0001-21;15/12/2015;;830450725;0.0;;ARENA FUNDO DE INVESTIMENTO IMOBILIÁRIO - FII;3;0.63;1309737661;04/2019;Investidor Qualificado
532069841;Mandato: RendaSegmento de Atuação: Lajes CorporativasTipo de Gestão: Passiva;12.401.858/0001-47;31/08/2012;4,6916%;94014340;0.0;BRATRNCTF005;ATRIUM NAÇÕES UNIDAS FUNDO DE INVESTIMENTO IMOBILIÁRIO - FII;1;9401434.0;10;04/2019;Investidores em Geral
122208997;Mandato: Títulos e Valores MobiliáriosSegmento de Atuação: Títulos e Val. Mob.Tipo de Gestão: Ativa;22.219.335/0001-38;14/05/2015;0,9044%;120977279;0.0;BRBCRITF009;BANESTES RECEBIVEIS IMOBILIARIOS FUNDO DE INVESTIMENTO IMOBILIARIO;8256;99.98;1210001;04/2019;Investidores em Geral
64946407;Mandato: Desenvolvimento para RendaSegmento de Atuação: OutrosTipo de Gestão: Ativa;15.570.431/0001-60;11/09/2012;0,9734%;63989871;0.0;BRBNFSCTF000;BANRISUL NOVAS FRONTEIRAS FUNDO DE INVESTIMENTO IMOBILIARIO - FII;929;91.41;700000;04/2019;Investidores em Geral
410240118;Mandato: RendaSegmento de Atuação: Lajes CorporativasTipo de Gestão: Passiva;07.000.400/0001-46;03/06/2004;0,8128%;399161782;0.0;BRBBFICTF006;BB FUNDO DE INVESTIMENTO IMOBILIARIO PROGRESSIVO;5250;3070.48;130000;04/2019;Investidores em Geral
1639093591;Mandato: RendaSegmento de Atuação: Lajes CorporativasTipo de Gestão: Passiva;14.410.722/0001-29;23/08/2012;0,9959%;1637495515;0.0;BRBBPOCTF003;BB PROGRESSIVO II FUNDO DE INVESTIMENTO IMOBILIÁRIO - FII;40759;102.86;15919690;04/2019;Investidores em Geral
93821184;Mandato: Títulos e Valores MobiliáriosSegmento de Atuação: Títulos e Val. Mob.Tipo de Gestão: Ativa;20.716.161/0001-93;12/09/2014;0,6565%;93123930;0.0;BRBBIMCTF002;BB RECEBÍVEIS IMOBILIÁRIOS FUNDO DE INVESTIMENTO IMOBILIÁRIO - FII;20;89.97;1035000;04/2019;Investidores em Geral
162617280;Mandato: Desenvolvimento para RendaSegmento de Atuação: OutrosTipo de Gestão: Passiva;12.681.340/0001-04;13/06/2011;0,9040%;161903050;0.0;BRBBRCCTF004;BB RENDA CORPORATIVA FUNDO DE INVESTIMENTO IMOBILIÁRIO - FII;5788;101.83;1590000;04/2019;Investidores em Geral
117062180;Mandato: Títulos e Valores MobiliáriosSegmento de Atuação: Títulos e Val. Mob.Tipo de Gestão: Ativa;15.394.563/0001-89;07/05/2012;0,4812%;116103872;0.0;BRRNDPCTF007;BB RENDA DE PAPÉIS IMOBILIÁRIOS FUNDO DE INVESTIMENTO IMOBILIÁRIO - FII;1045;1080.23;107481;04/2019;Investidores em Geral
104887235;Mandato: Títulos e Valores MobiliáriosSegmento de Atuação: Títulos e Val. Mob.Tipo de Gestão: Ativa;23.120.027/0001-13;27/04/2018;0,4322%;104806279;0.0;BRRDPDCTF008;BB RENDA DE PAPÉIS IMOBILIÁRIOS II FUNDO DE INVESTIMENTO IMOBILIÁRIO - FII;870;97.22;1078042;04/2019;Investidores em Geral
602802778;Mandato: HíbridoSegmento de Atuação: HíbridoTipo de Gestão: Ativa;31.145.875/0001-05;15/06/2018;0,0000%;186671967;0.0;;BFC FUNDO DE INVESTIMENTO IMOBILIÁRIO;1;0.77;242700000;04/2019;Investidor Profissional
84359059;Mandato: RendaSegmento de Atuação: OutrosTipo de Gestão: Passiva;18.289.950/0001-43;27/05/2013;;84218160;0.0;BRBRDFCTF003;BIRD FUNDO DE INVESTIMENTO IMOBILIARIO - FII;1;1.54;54802678;04/2019;Investidor Profissional
479015396;Mandato: HíbridoSegmento de Atuação: LogísticaTipo de Gestão: Ativa;21.067.825/0001-01;16/08/2018;0,0000%;199048558;1.0;;BPG LOGÍSTICA I FUNDO DE INVESTIMENTO IMOBILIÁRIO;1;1.24;160952000;04/2019;Investidor Qualificado
409862865;Mandato: Desenvolvimento para RendaSegmento de Atuação: HíbridoTipo de Gestão: Ativa;21.044.600/0001-21;16/11/2015;0,0000%;409834752;0.0;BRBPG1CTF006;BPGB-001 FUNDO DE INVESTIMENTO IMOBILIÁRIO - FII;1;1.41;290062066;04/2019;Investidores em Geral
207597375;Mandato: Títulos e Valores MobiliáriosSegmento de Atuação: Títulos e Val. Mob.Tipo de Gestão: Ativa;20.216.935/0001-17;19/05/2015;0,6528%;206146070;0.0;BRBCIACTF005;BRADESCO CARTEIRA IMOBILIÁRIA ATIVA;1489;122.01;1689613;04/2019;Investidores em Geral
53019616;Mandato: Segmento de Atuação: Tipo de Gestão:;22.081.808/0001-83;15/08/2017;0,0000%;52985871;1.0;0;BRAZIL PROPERTIES INVEST FUNDO DE INVESTIMENTO IMOBILIÁRIO - FII;1;32407.26;1635;04/2019;Investidor Profissional
26643904;Mandato: RendaSegmento de Atuação: HíbridoTipo de Gestão: Ativa;26.195.121/0001-20;12/09/2016;0,0000%;26522154;0.0;-;BRAZIL REAL ESTATE VICTORY FUND I - FUNDO DE INVESTIMENTO IMOBILIARIO;19;107.79;246053;05/2019;Investidor Qualificado
422721605;Mandato: Títulos e Valores MobiliáriosSegmento de Atuação: Títulos e Val. Mob.Tipo de Gestão: Ativa;14.074.706/0001-02;06/12/2016;0,0000%;404278390;0.0;BRBZLICTF003;BRAZIL REALTY FUNDO DE INVESTIMENTO IMOBILIÁRIO - FII;28;12.21;33118834;04/2019;Investidor Qualificado e Profissional
422721605;Mandato: Títulos e Valores MobiliáriosSegmento de Atuação: Títulos e Val. Mob.Tipo de Gestão: Ativa;14.074.706/0001-02;06/12/2016;0,0000%;404278390;0.0;BRBZLICTF003;BRAZIL REALTY FUNDO DE INVESTIMENTO IMOBILIÁRIO - FII;28;12.21;33118834;04/2019;Investidor Qualificado e Profissional
224008234;Mandato: Títulos e Valores MobiliáriosSegmento de Atuação: HíbridoTipo de Gestão: Ativa;13.584.584/0001-31;07/12/2011;;223686647;0.0;BRCARECTF000;BRAZILIAN GRAVEYARD AND DEATH CARE SERVICES FUNDO DE INVESTIMENTO IMOBILIÁRIO - FII;1554;1.41;158151503;04/2019;Investidores em Geral
1606780089;Mandato: HíbridoSegmento de Atuação: Lajes CorporativasTipo de Gestão: Ativa;20.748.515/0001-81;13/07/2016;0,0000%;1502189735;0.0;;BRESCO - FUNDO DE INVESTIMENTO IMOBILIÁRIO;10;1213.86;1237531;04/2019;Investidor Profissional
47505850;Mandato: Desenvolvimento para VendaSegmento de Atuação: ResidencialTipo de Gestão: Ativa;23.964.843/0001-03;06/07/2018;;33514517;0.0;;BRIO REAL ESTATE II - FUNDO DE INVESTIMENTO IMOBILIÁRIO;83;841.42;39831;04/2019;Investidores em Geral
66534794;Mandato: RendaSegmento de Atuação: OutrosTipo de Gestão: Ativa;18.929.353/0001-36;19/12/2014;;20315919;0.0;;BRL EDIFÍCIOS COMERCIAIS FII;2;483.75;41997;04/2019;Investidor Qualificado
113292306;Mandato: RendaSegmento de Atuação: OutrosTipo de Gestão: Ativa;19.026.454/0001-60;30/12/2014;;113268367;0.0;;BRL LAJES CORPORATIVAS FUNDO DE INVESTIMENTO IMOBILIÁRIO - FII;1;1111.08;101944;04/2019;Investidor Qualificado
358533498;Mandato: RendaSegmento de Atuação: OutrosTipo de Gestão: Ativa;26.545.627/0001-11;22/03/2017;;3392582;0.0;;BRL VI FUNDO DE INVESTIMENTO IMOBILIARIO;1;4511.41;752;04/2019;Investidor Qualificado
26633829;Mandato: Segmento de Atuação: Tipo de Gestão:;22.104.821/0001-00;23/02/2016;0,0000%;7321020;0.0;0;BTERRA FUNDO DE INVESTIMENTO IMOBILIÁRIO;1;1.13;6492561;04/2019;Investidor Profissional
7097042615;Mandato: HíbridoSegmento de Atuação: HíbridoTipo de Gestão: Ativa;12.989.974/0001-29;27/05/2011;0,0000%;2575787301;0.0;BRPMRVCTF001;CAIXA FUNDO DE INVESTIMENTO IMOBILIARIO PORTO MARAVILHA;1;0.54;4735662339;04/2019;Investidor Qualificado
80610001;Mandato: HíbridoSegmento de Atuação: HíbridoTipo de Gestão: Ativa;15.254.249/0001-09;13/06/2013;;78386498;0.0;BRVLTVCTF007;CAIXA FUNDO DE INVESTIMENTO IMOBILIARIO VLT - VEICULO LEVE SOBRE TRILHOS - FII;2;0.74;106225000;04/2019;Investidor Qualificado
179271301;Mandato: Títulos e Valores MobiliáriosSegmento de Atuação: Títulos e Val. Mob.Tipo de Gestão: Ativa;17.098.794/0001-70;12/11/2013;0,6428%;171021320;0.0;BRCXRICTF003;CAIXA RIO BRAVO FUNDO DE FUNDOS DE INVESTIMENTO IMOBILIARIO - FII;1182;1085.33;157576;04/2019;Investidores em Geral
65996487;Mandato: Títulos e Valores MobiliáriosSegmento de Atuação: Títulos e Val. Mob.Tipo de Gestão: Ativa;31.887.401/0001-39;18/04/2019;0,0000%;65640038;0.0;BRCRFFCTF006;CAIXA RIO BRAVO FUNDO DE FUNDOS DE INVESTIMENTO IMOBILIÁRIO II;687;95.12;690040;04/2019;Investidores em Geral
65996487;Mandato: Títulos e Valores MobiliáriosSegmento de Atuação: Títulos e Val. Mob.Tipo de Gestão: Ativa;31.887.401/0001-39;18/04/2019;0,0000%;65640038;0.0;BRCRFFCTF006;CAIXA RIO BRAVO FUNDO DE FUNDOS DE INVESTIMENTO IMOBILIÁRIO II;687;95.12;690040;04/2019;Investidores em Geral
154276354;Mandato: Títulos e Valores MobiliáriosSegmento de Atuação: Títulos e Val. Mob.Tipo de Gestão: Ativa;18.979.895/0001-13;05/08/2014;0,6700%;153064129;1.0;BRCPTSCTF004;CAPITÂNIA SECURITIES II FUNDO DE INVESTIMENTO IMOBILIÁRIO - FII;3806;97.01;1577825;04/2019;Investidor Qualificado e Profissional
61765859;Mandato: Segmento de Atuação: Tipo de Gestão:;20.118.470/0001-61;30/06/2017;0,0000%;61725079;0.0;0;CASPER FUNDO DE INVESTIMENTO IMOBILIÁRIO - FII;1;12594.38;4901;04/2019;Investidores em Geral
61765859;Mandato: Segmento de Atuação: Tipo de Gestão:;20.118.470/0001-61;30/06/2017;0,0000%;61725079;0.0;0;CASPER FUNDO DE INVESTIMENTO IMOBILIÁRIO - FII;1;12594.38;4901;04/2019;Investidores em Geral
15207414;Mandato: RendaSegmento de Atuação: Lajes CorporativasTipo de Gestão: Passiva;19.249.956/0001-50;26/08/2014;0,0000%;15036444;0.0;BRICTUCTF005;LA DÉFENSE FUNDO DE INVESTIMENTO IMOBILIÁRIO - FII;51;1047.84;14350;04/2019;Investidores em Geral
226260104;Mandato: Títulos e Valores MobiliáriosSegmento de Atuação: HíbridoTipo de Gestão: Ativa;21.398.200/0001-14;03/11/2014;;214572694;1.0;0;LA SHOPPING CENTERS FUNDO DE INVESTIMENTO IMOBILIARIO;4;366.65;585218;04/2019;Investidor Qualificado
57010744;Mandato: Títulos e Valores MobiliáriosSegmento de Atuação: HíbridoTipo de Gestão: Ativa;20.717.355/0001-03;14/09/2014;;55649603;1.0;BRRFIICTF007;LA SHOPPING CENTERS II FUNDO DE INVESTIMENTO IMOBILIARIO;1;832.37;66857;04/2019;Investidores em Geral
252036723;Mandato: Desenvolvimento para RendaSegmento de Atuação: OutrosTipo de Gestão: Passiva;01.356.517/0001-80;12/08/1996;;156824066;1.0;0;LAGRA FII;6;2765.81;56701;04/2019;Investidores em Geral
90082226;Mandato: Desenvolvimento para VendaSegmento de Atuação: ResidencialTipo de Gestão: Ativa;17.209.378/0001-00;05/02/2013;0,0000%;87608179;0.0;BRLATRCTF009;LATERES FUNDO DE INVESTIMENTO IMOBILIÁRIO - FII;140;705.93;124104;04/2019;Investidor Qualificado
72152318;Mandato: HíbridoSegmento de Atuação: ResidencialTipo de Gestão: Ativa;19.722.048/0001-31;27/08/2018;0,0000%;72124627;0.0;BRLOFTCTF005;LOFT I FUNDO DE INVESTIMENTO IMOBILIÁRIO;1;78.7;916500;04/2019;Investidor Qualificado
24444436;Mandato: HíbridoSegmento de Atuação: ResidencialTipo de Gestão: Ativa;24.796.967/0001-90;27/09/2018;0,0000%;24415282;0.0;************;LOFT II MAISON SÃO PAULO FUNDO DE INVESTIMENTO IMOBILIÁRIO;2;101.62;240250;04/2019;Investidor Qualificado
85669743;Mandato: RendaSegmento de Atuação: LogísticaTipo de Gestão: Ativa;02.508.235/0001-14;10/06/1998;0,9007%;85469492;0.0;BRLGVTCTF016;LOGINVEST FUNDO DE INVESTIMENTO IMOBILIÁRIO INDUSTRIAL;6;4998.22;17100;04/2019;Investidores em Geral
196029135;Mandato: Desenvolvimento para VendaSegmento de Atuação: ResidencialTipo de Gestão: Passiva;30.579.348/0001-46;31/08/2018;0,5010%;196004101;0.0;BRDMACCTF003;MAC FUNDO DE INVESTIMENTO IMOBILIÁRIO;140;1255.57;156108;04/2019;Investidor Qualificado
387204215;Mandato: RendaSegmento de Atuação: HíbridoTipo de Gestão: Ativa;17.568.605/0001-86;03/10/2016;0,0000%;388214510;0.0;BRSHPGCTF000;MAIS SHOPPING FUNDO DE INVESTIMENTO IMOBILIÁRIO;1;1.61;241405927;04/2019;Investidor Qualificado
291211934;Mandato: RendaSegmento de Atuação: ShoppingsTipo de Gestão: Ativa;26.499.833/0001-32;14/12/2017;0,6271%;289300074;0.0;BRMALLCTF007;MALLS BRASIL PLURAL FUNDO DE INVESTIMENTO IMOBILIÁRIO;24404;109.72;2636769;04/2019;Investidores em Geral
316646103;Mandato: RendaSegmento de Atuação: HíbridoTipo de Gestão: Ativa;97.521.225/0001-25;04/07/2011;-0,1268%;312732509;0.0;BRMXRFCTF008;MAXI RENDA FUNDO DE INVESTIMENTO IMOBILIARIO - FII;48728;9.93;31482823;04/2019;Investidores em Geral
211695771;Mandato: HíbridoSegmento de Atuação: HíbridoTipo de Gestão: Ativa;16.915.968/0001-88;06/03/2013;1,1494%;207271905;0.0;BRMFIICTF008;MERITO DESENVOLVIMENTO IMOBILIARIO I FII - FUNDO DE INVESTIMENTO IMOBILIARIO;10734;103.5;2002613;04/2019;Investidores em Geral
127225428;Mandato: RendaSegmento de Atuação: HíbridoTipo de Gestão: Passiva;20.003.001/0001-05;04/08/2014;1,6263%;37578285;1.0;BRMKENCTF007;MIKEONE FUNDO DE INVESTIMENTO IMOBILIÁRIO;1;1617.1;23238;04/2019;Investidor Qualificado
21363859;Mandato: RendaSegmento de Atuação: HíbridoTipo de Gestão: Ativa;22.957.521/0001-74;20/12/2016;0,0000%;21246754;0.0;BRPRTSCTF002;MULTI PROPERTIES FUNDO DE INVESTIMENTO IMOBILIÁRIO - FII;11;0.38;55727500;04/2019;Investidor Qualificado
173687719;Mandato: RendaSegmento de Atuação: ShoppingsTipo de Gestão: Ativa;22.459.737/0001-00;16/07/2015;0,2367%;173451707;0.0;BRSHOPCTF004;MULTI SHOPPINGS FUNDO DE INVESTIMENTO IMOBILIARIO - FII;10;144.54;1200000;04/2019;Investidores em Geral
58730795;Mandato: RendaSegmento de Atuação: Lajes CorporativasTipo de Gestão: Ativa;10.456.810/0001-00;24/10/2008;0,5108%;57994313;0.0;BRDRITCF009;MULTIGESTÃO RENDA COMERCIAL FUNDO DE INVESTIMENTO IMOBILIÁRIO - FII;275;125.18;463277;04/2019;Investidores em Geral
558282127;Mandato: HíbridoSegmento de Atuação: OutrosTipo de Gestão: Ativa;30.495.165/0001-42;30/10/2018;0,0000%;541305514;0.0;0;NE Logistic Fundo de Investimento Imobiliário;3;1336.56;404999;04/2019;Investidor Qualificado
36708219;Mandato: HíbridoSegmento de Atuação: HíbridoTipo de Gestão: Ativa;24.774.904/0001-32;22/09/2017;;36456585;0.0;;NF CAPITAL FUNDO DE INVESTIMENTO IMOBILIÁRIO;1;974.05;37428;05/2019;Investidor Profissional
121063262;Mandato: HíbridoSegmento de Atuação: HíbridoTipo de Gestão: Ativa;17.786.606/0001-05;17/04/2017;;120600732;0.0;;NF CAPITAL II FUNDO DE INVESTIMENTO IMOBILIÁRIO;1;6436.16;18738;05/2019;Investidor Profissional
65036349;Mandato: HíbridoSegmento de Atuação: HíbridoTipo de Gestão: Ativa;23.179.381/0001-13;08/04/2016;0,0000%;64997817;0.0;;NIHAL FUNDO DE INVESTIMENTO IMOBILIÁRIO FII;1;736.1;88300;04/2019;Investidor Profissional
171795139;Mandato: HíbridoSegmento de Atuação: HíbridoTipo de Gestão: Ativa;22.003.469/0001-17;31/12/2018;0,5997%;49896604;0.0;BRNVIFCTF009;NOVA I - FUNDO DE INVESTIMENTO IMOBILIARIO - FII;7;147.89;337400;04/2019;Investidor Qualificado
104970415;Mandato: RendaSegmento de Atuação: OutrosTipo de Gestão: Ativa;12.811.222/0001-73;30/12/2012;;103577319;0.0;;OAR - FUNDO DE INVESTIMENTO IMOBILIÁRIO;1;825.24;125512;04/2019;Investidor Qualificado
6264573;Mandato: Desenvolvimento para RendaSegmento de Atuação: HíbridoTipo de Gestão: Ativa;27.293.689/0001-46;24/07/2017;0,0000%;6240644;0.0;;OLAVSEN FUNDO DE INVESTIMENTO IMOBILIÁRIO;7;938.3;6651;04/2019;Investidor Qualificado
2539158499;Mandato: HíbridoSegmento de Atuação: HíbridoTipo de Gestão: Ativa;01.235.622/0001-61;07/10/1996;0,0000%;2114745926;1.0;BRFTCECTF005;OPPORTUNITY FUNDO DE INVESTIMENTO IMOBILIÁRIO;52;2752.98;768166;04/2019;Investidor Profissional
433477216;Mandato: RendaSegmento de Atuação: OutrosTipo de Gestão: Ativa;13.000.836/0001-38;01/03/2018;;419993444;0.0;0;OSASCO PROPERTIES FUNDO DE INVESTIMENTO IMOBILIÁRIO;32;18260584.52;23;04/2019;Investidor Qualificado
433477216;Mandato: RendaSegmento de Atuação: OutrosTipo de Gestão: Ativa;13.000.836/0001-38;01/03/2018;;419993444;0.0;0;OSASCO PROPERTIES FUNDO DE INVESTIMENTO IMOBILIÁRIO;32;18260584.52;23;04/2019;Investidor Qualificado
75920435;Mandato: Títulos e Valores MobiliáriosSegmento de Atuação: HíbridoTipo de Gestão: Ativa;26.091.656/0001-50;30/11/2016;0,8651%;75176243;0.0;BROUJPCTF006;OURINVEST JPP FUNDO DE INVESTIMENTO IMOBILIÁRIO- FII;373;104.41;720000;05/2019;Investidores em Geral
36557928;Mandato: Títulos e Valores MobiliáriosSegmento de Atuação: Títulos e Val. Mob.Tipo de Gestão: Ativa;19.107.604/0001-60;29/03/2016;;36421230;0.0;BRORPDCTF005;OURO PRETO DESENVOLVIMENTO IMOBILIARIO I FUNDO DE INVESTIMENTO IMOBILIARIO - FII;7;125.59;290000;04/2019;Investidores em Geral
251938467;Mandato: RendaSegmento de Atuação: HíbridoTipo de Gestão: Ativa;14.465.810/0001-28;21/12/2010;;251543864;0.0;0;PACALU FUNDO DE INVESTIMENTO IMOBILIÁRIO;2;4.43;56836574;04/2019;Investidor Qualificado
72520865;Mandato: RendaSegmento de Atuação: OutrosTipo de Gestão: Ativa;21.500.514/0001-86;11/06/2016;0,8503%;72413374;1.0;BRVTVICTF003;PARKING PARTNERS FUNDO DE INVESTIMENTO IMOBILIARIO - FII;1;40.66;1780984;04/2019;Investidor Profissional
294733768;Mandato: RendaSegmento de Atuação: OutrosTipo de Gestão: Passiva;30.048.651/0001-12;29/03/2019;0,0000%;146543602;0.0;BRPATCCTF002;PÁTRIA EDIFÍCIOS CORPORATIVOS FUNDO DE INVESTIMENTO IMOBILIÁRIO - FII;2130;97.56;1502052;04/2019;Investidores em Geral
38572920;Mandato: Desenvolvimento para VendaSegmento de Atuação: ResidencialTipo de Gestão: Ativa;14.056.001/0001-62;19/08/2011;0,0000%;35681594;0.0;BRPRSNCTF005;PERSONALE I FUNDO DE INVESTIMENTO IMOBILIÁRIO - FII;79;0.69;51699979;04/2019;Investidor Qualificado
53398346;Mandato: RendaSegmento de Atuação: OutrosTipo de Gestão: Ativa;17.655.102/0001-48;22/10/2013;;53277087;0.0;;PESCARA FUNDO DE INVESTIMENTO IMOBILIARIO - FII;1;1837140.93;29;04/2019;Investidor Qualificado
91772373;Mandato: Títulos e Valores MobiliáriosSegmento de Atuação: Títulos e Val. Mob.Tipo de Gestão: Ativa;20.118.492/0001-21;03/08/2016;0,0000%;91726593;0.0;000000;PLATINUM FUNDO DE INVESTIMENTO IMOBILIÁRIO;7;9172.66;10000;04/2019;Investidor Qualificado
94892421;Mandato: Títulos e Valores MobiliáriosSegmento de Atuação: Títulos e Val. Mob.Tipo de Gestão: Ativa;14.080.689/0001-16;31/10/2011;0,6361%;73053619;0.0;BRPLRICTF000;POLO FII - FII RECEBÍVEIS IMOBILIÁRIOS I;662;76.55;954304;04/2019;Investidor Qualificado
105069025;Mandato: Títulos e Valores MobiliáriosSegmento de Atuação: Títulos e Val. Mob.Tipo de Gestão: Ativa;17.156.502/0001-09;12/12/2012;0,0000%;104932985;0.0;BRPORDCTF005;POLO FUNDO DE INVESTIMENTO IMOBILIARIO - RECEBIVEIS IMOBILIARIOS II - FII;954;104.93;1000000;04/2019;Investidor Qualificado
1802478;Mandato: HíbridoSegmento de Atuação: HíbridoTipo de Gestão: Ativa;30.258.790/0001-70;08/02/2019;0,0000%;1789327;0.0;;PRAZO - FUNDO DE INVESTIMENTO IMOBILIÁRIO - FII;2;994.07;1800;04/2019;Investidor Qualificado
112250001;Mandato: RendaSegmento de Atuação: Lajes CorporativasTipo de Gestão: Passiva;17.144.039/0001-85;17/12/2012;0,5967%;111489784;0.0;BRCBOPCTF001;CASTELLO BRANCO OFFICE PARK FUNDO DE INVESTIMENTO IMOBILIÁRIO - FII;2958;78.79;1415000;04/2019;Investidores em Geral
34342887;Mandato: HíbridoSegmento de Atuação: OutrosTipo de Gestão: Ativa;26.502.761/0001-35;22/09/2017;0,0000%;33781015;0.0;0;CATUAÍ FUNDO DE INVESTIMENTO IMOBILIÁRIO;1;955.08;35370;04/2019;Investidor Profissional
34342887;Mandato: HíbridoSegmento de Atuação: OutrosTipo de Gestão: Ativa;26.502.761/0001-35;22/09/2017;0,0000%;33781015;0.0;0;CATUAÍ FUNDO DE INVESTIMENTO IMOBILIÁRIO;1;955.08;35370;04/2019;Investidor Profissional
93331335;Mandato: Segmento de Atuação: Tipo de Gestão:;20.118.507/0001-51;08/01/2015;0,0000%;39639906;1.0;0;CEDRO - FUNDO DE INVESTIMENTO IMOBILIÁRIO - FII;2;1401.3;28288;05/2019;Investidor Profissional
1344107338;Mandato: RendaSegmento de Atuação: HíbridoTipo de Gestão: Ativa;18.950.957/0001-64;14/07/2014;0,0000%;401195657;1.0;BRCHLLCTF003;CHALLENGER FUNDO DE INVESTIMENTO IMOBILIÁRIO - FII;1;3224.84;124408;04/2019;Investidor Qualificado
6703355;Mandato: Títulos e Valores MobiliáriosSegmento de Atuação: Títulos e Val. Mob.Tipo de Gestão: Ativa;13.464.208/0001-03;06/12/2011;1,5153%;5473426;0.0;;CIBRASEC CRÉDITO IMOBILIÁRIO - FII;73;118.64;46135;04/2019;Investidor Qualificado
218626535;Mandato: Segmento de Atuação: Tipo de Gestão:;13.920.018/0001-53;24/05/2013;0,0000%;182520823;1.0;0;CICA JUNDIAI - FUNDO DE INVESTIMENTO IMOBILIARIO;24;4506.58;40501;05/2019;Investidor Qualificado
182541616;Mandato: RendaSegmento de Atuação: ShoppingsTipo de Gestão: Ativa;18.874.965/0001-79;18/12/2014;0,6274%;182503286;0.0;;CIDADE - FUNDO DE INVESTIMENTO IMOBILIÁRIO - FII;54;1094.47;166750;04/2019;Investidor Qualificado
530727127;Mandato: Segmento de Atuação: Tipo de Gestão:;15.862.591/0001-83;25/10/2012;0,0000%;135854600;0.0;0;CIDADE NOVA FUNDO DE INVESTIMENTO IMOBILIÁRIO - FII;1;18113.95;7500;04/2019;Investidores em Geral
156709401;Mandato: Segmento de Atuação: Tipo de Gestão:;97.521.194/0001-02;06/07/2011;0,2695%;156162975;0.0;BRCLOGCTF009;CLARITAS LOGÍSTICA I - FUNDO DE INVESTIMENTO IMOBILIÁRIO;41;13272.39;11766;05/2019;Investidor Qualificado
51328998;Mandato: RendaSegmento de Atuação: HíbridoTipo de Gestão: Ativa;31.772.231/0001-47;13/11/2018;;51156710;0.0;0;COLONIZADOR I FUNDO DE INVESTIMENTO IMOBILIARIO - FII;30;9.96;5137000;04/2019;Investidores em Geral
118148145;Mandato: Desenvolvimento para RendaSegmento de Atuação: LogísticaTipo de Gestão: Passiva;17.143.998/0001-86;22/01/2013;0,5649%;117301722;0.0;BRGRLVCTF002;CSHG GR LOUVEIRA FUNDO DE INVESTIMENTO IMOBILIÁRIO - FII;1845;109.27;1073530;04/2019;Investidores em Geral
249113401;Mandato: RendaSegmento de Atuação: Lajes CorporativasTipo de Gestão: Passiva;11.260.134/0001-68;14/10/2010;0,5341%;247451875;0.0;BRHGJHCTF006;CSHG JHSF PRIME OFFICES - FUNDO DE INVESTIMENTO IMOBILIÁRIO FII;5917;149.97;1650000;04/2019;Investidores em Geral
1011668045;Mandato: RendaSegmento de Atuação: LogísticaTipo de Gestão: Ativa;11.728.688/0001-47;06/05/2010;0,6195%;952002405;0.0;BRHGLGCTF004;CSHG LOGÍSTICA - FUNDO DE INVESTIMENTO IMOBILIÁRIO - FII;63553;120.79;7881340;04/2019;Investidores em Geral
1158513309;Mandato: RendaSegmento de Atuação: Lajes CorporativasTipo de Gestão: Ativa;09.072.017/0001-29;06/05/2008;0,4874%;1121086730;0.0;BRHGRECTF006;CSHG REAL ESTATE - FUNDO DE INVESTIMENTO IMOBILIÁRIO - FII;34395;151.84;7383100;04/2019;Investidores em Geral
455571740;Mandato: Títulos e Valores MobiliáriosSegmento de Atuação: Títulos e Val. Mob.Tipo de Gestão: Ativa;11.160.521/0001-22;22/12/2009;0,7083%;451939919;0.0;BRHGCRCTF000;CSHG RECEBÍVEIS IMOBILIÁRIOS - FUNDO DE INVESTIMENTO IMOBILIÁRIO - FII;10352;104.17;4338476;04/2019;Investidores em Geral
155756465;Mandato: RendaSegmento de Atuação: HíbridoTipo de Gestão: Ativa;29.641.226/0001-53;27/04/2018;0,6618%;153874313;0.0;BRHGRUCTF002;CSHG RENDA URBANA - FUNDO DE INVESTIMENTO IMOBILIARIO - FII;1896;102.58;1500000;04/2019;Investidores em Geral
64289248;Mandato: RendaSegmento de Atuação: ShoppingsTipo de Gestão: Passiva;19.442.626/0001-86;26/02/2014;0,0000%;64284464;0.0;;CTBH FUNDO DE INVESTIMENTO IMOBILIÁRIO - FII;1;342.91;187470;04/2019;Investidor Qualificado
0;Mandato: RendaSegmento de Atuação: OutrosTipo de Gestão: Ativa;10.841.506/0001-87;18/06/2009;;0;0.0;;DAJ FUNDO DE INVESTIMENTO IMOBILIÁRIO;0;0.0;1;04/2019;Investidor Qualificado
8528004;Mandato: RendaSegmento de Atuação: HíbridoTipo de Gestão: Ativa;28.108.193/0001-18;15/12/2017;;8496996;0.0;0;DEL MONTE AJAX FUNDO DE INVESTIMENTO IMOBILIÁRIO - FII;8;1.03;8260960;04/2019;Investidores em Geral
8528004;Mandato: RendaSegmento de Atuação: HíbridoTipo de Gestão: Ativa;28.108.193/0001-18;15/12/2017;;8496996;0.0;0;DEL MONTE AJAX FUNDO DE INVESTIMENTO IMOBILIÁRIO - FII;8;1.03;8260960;04/2019;Investidores em Geral
110910315;Mandato: RendaSegmento de Atuação: HíbridoTipo de Gestão: Ativa;26.642.727/0001-66;13/02/2017;0,0000%;110864267;0.0;BRDAMTCTF007;DIAMANTE FUNDO DE INVESTIMENTO IMOBILIARIO;51;1.38;80536220;04/2019;Investidor Qualificado
60336710;Mandato: RendaSegmento de Atuação: Lajes CorporativasTipo de Gestão: Passiva;10.522.648/0001-81;01/04/2009;0,2530%;60125242;1.0;BRDOVLCTF006;DOVEL FII;52;1011.09;59466;04/2019;Investidor Qualificado e Profissional
509160628;Mandato: HíbridoSegmento de Atuação: HíbridoTipo de Gestão: Ativa;21.085.863/0001-89;04/08/2014;0,0000%;181974270;0.0;;EBT FUNDO DE INVESTIMENTO IMOBILIÁRIO;1;1.01;179600000;04/2019;Investidor Profissional
80134799;Mandato: RendaSegmento de Atuação: OutrosTipo de Gestão: Ativa;14.365.190/0001-55;02/10/2012;0,0000%;80097553;0.0;BRSRIICTF000;ESTRUTURA II - FUNDO DE INVESTIMENTO IMOBILIÁRIO - FII;1;1535.97;52148;04/2019;Investidor Qualificado
8318994;Mandato: HíbridoSegmento de Atuação: HíbridoTipo de Gestão: Passiva;18.259.637/0001-62;05/09/2013;;8300450;0.0;BRETPPCTF006;ETR PROPERTIES FUNDO DE INVESTIMENTO IMOBILIÁRIO - FII;2;115284.03;72;05/2019;Investidor Qualificado
47336562;Mandato: RendaSegmento de Atuação: Lajes CorporativasTipo de Gestão: Passiva;31.469.385/0001-64;15/03/2019;0,0000%;6258925;0.0;-;EUROPA 105 - FUNDO DE INVESTIMENTO IMOBILIÁRIO;2;99.13;63141;04/2019;Investidor Qualificado
73249297;Mandato: Desenvolvimento para VendaSegmento de Atuação: ResidencialTipo de Gestão: Ativa;24.070.076/0001-51;09/06/2017;0,0000%;72548595;0.0;BRKINPCTF001;EVEN PERMUTA KINEA FII - FUNDO DE INVESTIMENTO IMOBILIÁRIO;91;10.15;7147934;04/2019;Investidor Qualificado
677778523;Mandato: HíbridoSegmento de Atuação: HíbridoTipo de Gestão: Ativa;12.358.507/0001-09;08/12/2010;0,0000%;677706807;0.0;;ÊXITUS FUNDO DE INVESTIMENTO IMOBILIÁRIO - FII;54;1693.27;400235;04/2019;Investidor Profissional
806937495;Mandato: HíbridoSegmento de Atuação: HíbridoTipo de Gestão: Ativa;18.312.285/0001-61;18/09/2017;0,0000%;285011546;0.0;;EZTB Fundo de Investimento Imobiliário - FII;1;1.36;209671135;04/2019;Investidor Profissional
34446638;Mandato: Títulos e Valores MobiliáriosSegmento de Atuação: Títulos e Val. Mob.Tipo de Gestão: Ativa;17.329.029/0001-14;06/05/2013;0,4400%;34251202;0.0;BRFIXXCTF004;FATOR IFIX FUNDO DE INVESTIMENTO IMOBILIÁRIO;1144;93.59;365972;04/2019;Investidores em Geral
241532535;Mandato: Títulos e Valores MobiliáriosSegmento de Atuação: Títulos e Val. Mob.Tipo de Gestão: Ativa;11.664.201/0001-00;05/08/2010;1,0669%;225444758;0.0;BRVRTACTF008;FATOR VERITA FUNDO DE INVESTIMENTO IMOBILIARIO;13724;100.56;2241799;04/2019;Investidores em Geral
64417797;Mandato: RendaSegmento de Atuação: OutrosTipo de Gestão: Ativa;22.016.625/0001-84;15/08/2012;0,0000%;57666820;0.0;;FDL FUNDO DE INVESTIMENTO IMOBILIÁRIO - FII;1;7058.36;8170;04/2019;Investidor Profissional
64417797;Mandato: RendaSegmento de Atuação: OutrosTipo de Gestão: Ativa;22.016.625/0001-84;15/08/2012;0,0000%;57666820;0.0;;FDL FUNDO DE INVESTIMENTO IMOBILIÁRIO - FII;1;7058.36;8170;04/2019;Investidor Profissional
183000675;Mandato: HíbridoSegmento de Atuação: HíbridoTipo de Gestão: Ativa;20.990.694/0001-69;01/03/2018;;179592793;0.0;0;FGRP FUNDO DE INVESTIMENTO IMOBILIÁRIO;8;974.86;184225;04/2019;Investidor Qualificado
13964399;Mandato: HíbridoSegmento de Atuação: OutrosTipo de Gestão: Ativa;24.814.916/0001-43;23/05/2016;;13713017;0.0;BRNPARCTF003;FII - FUNDO DE INVESTIMENTO IMOBILIÁRIO NESTPAR;71;124.9;109790;04/2019;Investidores em Geral
79572813;Mandato: RendaSegmento de Atuação: Lajes CorporativasTipo de Gestão: Passiva;11.281.322/0001-72;03/01/2011;0,5038%;79352343;0.0;BRPRSVCTF008;FII - PRESIDENTE VARGAS;1606;406.94;195000;04/2019;Investidores em Geral
1521093758;Mandato: Desenvolvimento para RendaSegmento de Atuação: ShoppingsTipo de Gestão: Ativa;07.789.135/0001-27;21/12/2005;0,2906%;1418419238;0.0;BRANCRCTF001;FII ANCAR IC;56;3144.27;451113;04/2019;Investidores em Geral
122719488;Mandato: RendaSegmento de Atuação: OutrosTipo de Gestão: Passiva;11.179.118/0001-45;21/12/2009;0,8043%;121465639;0.0;BRFAEDCTF003;FII ANHANGUERA EDUCACIONAL;3024;189.15;642168;04/2019;Investidores em Geral
158756979;Mandato: Desenvolvimento para RendaSegmento de Atuação: Lajes CorporativasTipo de Gestão: Passiva;10.347.985/0001-80;22/12/2010;0,0000%;158246873;0.0;BRBBVJCTF001;FII BB VOTORANTIM CIDADE JARDIM CONTINENTAL TOWER;2113;58.39;2710000;04/2019;Investidor Qualificado
94705772;Mandato: RendaSegmento de Atuação: Lajes CorporativasTipo de Gestão: Ativa;14.376.247/0001-11;10/01/2012;0,4859%;93099750;0.0;BRBMLCCTF004;FII BM BRASCAN LAJES CORPORATIVAS;1145;93.25;998405;04/2019;Investidores em Geral
303129699;Mandato: RendaSegmento de Atuação: OutrosTipo de Gestão: Passiva;11.602.654/0001-01;29/06/2010;0,6419%;300485600;0.0;BRFCFLCTF009;FII CAMPUS FARIA LIMA;2738;1799.31;167000;04/2019;Investidores em Geral
281402766;Mandato: RendaSegmento de Atuação: Lajes CorporativasTipo de Gestão: Ativa;13.551.286/0001-45;27/07/2011;-0,3620%;277444693;0.0;BRCNESCTF001;FII CENESP;2958;94.07;2949248;04/2019;Investidores em Geral
237000000;Mandato: RendaSegmento de Atuação: OutrosTipo de Gestão: Ativa;18.874.954/0001-99;04/06/2014;;519263;0.0;;TARANTO - FUNDO DE INVESTIMENTO IMOBILIÁRIO;1;0.0;0;04/2019;Investidor Qualificado
28816655;Mandato: HíbridoSegmento de Atuação: HíbridoTipo de Gestão: Ativa;11.701.400/0001-40;08/07/2010;0,0000%;28702001;0.0;;TAURUS PATRIMONIUM FUNDO DE INVESTIMENTO IMOBILIÁRIO - FII;7;2.16;13300000;04/2019;Investidor Qualificado
83076428;Mandato: RendaSegmento de Atuação: OutrosTipo de Gestão: Ativa;22.103.617/0001-75;23/09/2015;;83011019;0.0;;TC ALMAVI FUNDO DE INVESTIMENTO IMOBILIARIO - FII;3;1.11;74628077;04/2019;Investidor Profissional
21021326;Mandato: RendaSegmento de Atuação: OutrosTipo de Gestão: Ativa;22.044.621/0001-00;03/07/2015;;9728933;0.0;;TC EMPRO - FUNDO DE INVESTIMENTO IMOBILIÁRIO;1;1335.47;7285;04/2019;Investidor Qualificado
98671644;Mandato: HíbridoSegmento de Atuação: HíbridoTipo de Gestão: Ativa;13.320.290/0001-00;30/06/2011;;87527302;0.0;;TERRA - FUNDO DE INVESTIMENTO IMOBILIÁRIO;1;987.7;88617;04/2019;Investidor Qualificado
4520405;Mandato: RendaSegmento de Atuação: OutrosTipo de Gestão: Ativa;27.212.823/0001-37;20/06/2017;;4485236;0.0;0;TMJ FUNDO DE INVESTIMENTO IMOBILIARIO;3;539.48;8314;05/2019;Investidor Profissional
4520405;Mandato: RendaSegmento de Atuação: OutrosTipo de Gestão: Ativa;27.212.823/0001-37;20/06/2017;;4485236;0.0;0;TMJ FUNDO DE INVESTIMENTO IMOBILIARIO;3;539.48;8314;05/2019;Investidor Profissional
66981787;Mandato: RendaSegmento de Atuação: HíbridoTipo de Gestão: Ativa;29.018.899/0001-51;24/01/2018;0,0000%;66961058;0.0;************;TOP CENTER II FUNDO DE INVESTIMENTO IMOBILIÁRIO;1;1.06;63360000;04/2019;Investidor Qualificado
100858281;Mandato: HíbridoSegmento de Atuação: HíbridoTipo de Gestão: Ativa;17.007.443/0001-07;15/08/2013;0,5560%;100231165;0.0;BRTSNCCTF009;TRANSINC FUNDO DE INVESTIMENTO IMOBILIÁRIO - FII;66;5533.66;18113;05/2019;Investidores em Geral
28749478;Mandato: RendaSegmento de Atuação: HíbridoTipo de Gestão: Ativa;26.990.011/0001-50;20/01/2017;0,0000%;28695178;0.0;BRTCPFCTF001;TREECORP REAL ESTATE FII - I;52;96.51;297327;05/2019;Investidor Qualificado
0;Mandato: RendaSegmento de Atuação: OutrosTipo de Gestão: Ativa;13.703.596/0001-38;24/09/2012;;0;0.0;;TREVISO - FUNDO DE INVESTIMENTO IMOBILIÁRIO;0;0.0;0;04/2019;Investidor Qualificado
26547901;Mandato: RendaSegmento de Atuação: Lajes CorporativasTipo de Gestão: Ativa;15.006.267/0001-63;08/11/2012;-0,5870%;26307384;0.0;BRXTEDCTF006;TRX EDIFICIOS CORPORATIVOS FUNDO DE INVESTIMENTO IMOBILIARIO - FII;2862;14.68;1792557;04/2019;Investidores em Geral
185090315;Mandato: RendaSegmento de Atuação: LogísticaTipo de Gestão: Passiva;11.839.593/0001-09;03/08/2010;0,4354%;184607187;0.0;BRTRXLCTF001;TRX REALTY LOGÍSTICA RENDA I FUNDO DE INVESTIMENTO IMOBILIÁRIO - FII;11466;98.85;1867464;04/2019;Investidores em Geral
117235479;Mandato: HíbridoSegmento de Atuação: HíbridoTipo de Gestão: Passiva;21.642.282/0001-09;07/02/2018;0,0000%;117167980;0.0;;TS PART FUNDO DE INVESTIMENTO IMOBILIÁRIO - FII;1;119.82;977889;04/2019;Investidor Qualificado
43954771;Mandato: Títulos e Valores MobiliáriosSegmento de Atuação: Títulos e Val. Mob.Tipo de Gestão: Ativa;28.090.655/0001-17;08/08/2017;0,6823%;42882141;0.0;BRVLORCTF006;VALORA RE I FUNDO DE INVESTIMENTO IMOBILIARIO - FII;97;858.4;49956;04/2019;Investidor Profissional
43954771;Mandato: Títulos e Valores MobiliáriosSegmento de Atuação: Títulos e Val. Mob.Tipo de Gestão: Ativa;28.090.655/0001-17;08/08/2017;0,6823%;42882141;0.0;BRVLORCTF006;VALORA RE I FUNDO DE INVESTIMENTO IMOBILIARIO - FII;97;858.4;49956;04/2019;Investidor Profissional
109445984;Mandato: RendaSegmento de Atuação: Títulos e Val. Mob.Tipo de Gestão: Ativa;29.852.732/0001-91;27/07/2018;0,8794%;108085224;0.0;BRVGIRCTF008;VALORA RE III FUNDO DE INVESTIMENTO IMOBILIARIO - FII;2810;96.42;1120948;04/2019;Investidores em Geral
13127711;Mandato: RendaSegmento de Atuação: HíbridoTipo de Gestão: Ativa;32.186.230/0001-83;10/12/2018;;12992370;0.0;;VAM FUNDO DE INVESTIMENTO IMOBILIÁRIO;3;91.98;141247;04/2019;Investidor Qualificado
24355454;Mandato: RendaSegmento de Atuação: HíbridoTipo de Gestão: Ativa;17.655.122/0001-19;14/02/2013;;24345454;0.0;0;VANQUISH FUNDO DE INVESTIMENTO IMOBILIÁRIO - FII;1;1521590.88;16;04/2019;Investidor Qualificado
41506079;Mandato: RendaSegmento de Atuação: HíbridoTipo de Gestão: Ativa;30.871.660/0001-09;30/11/2018;;40621666;0.0;;VBI ULIVING FUNDO DE INVESTIMENTO IMOBILIÁRIO;1;952.42;42651;04/2019;Investidor Qualificado
70744197;Mandato: Títulos e Valores MobiliáriosSegmento de Atuação: Lajes CorporativasTipo de Gestão: Passiva;13.842.683/0001-76;14/11/2012;;70568647;1.0;BRVLJSCTF004;VECTOR QUELUZ LAJES CORPORATIVAS FUNDO DE INVESTIMENTO IMOBILIARIO;17;1196.55;58977;04/2019;Investidor Qualificado
71692567;Mandato: RendaSegmento de Atuação: OutrosTipo de Gestão: Ativa;19.267.845/0001-76;10/03/2014;;71654923;0.0;;VGS - FUNDO DE INVESTIMENTO IMOBILIÁRIO - FII;1;2569.2;27890;04/2019;Investidor Qualificado
153784855;Mandato: RendaSegmento de Atuação: LogísticaTipo de Gestão: Ativa;24.853.044/0001-22;10/12/2018;0,7476%;76229980;0.0;BRVILGCTF001;VINCI LOGÍSTICA FUNDO DE INVESTIMENTO IMOBILIÁRIO - FII;192;106.29;717200;04/2019;Investidor Qualificado
911916356;Mandato: RendaSegmento de Atuação: ShoppingsTipo de Gestão: Ativa;17.554.274/0001-25;07/08/2013;0,4881%;819205089;0.0;BRVISCCTF005;VINCI SHOPPING CENTERS FUNDO DE INVESTIMENTO IMOBILIÁRIO - FII;74047;100.39;8160576;04/2019;Investidores em Geral
72274474;Mandato: Desenvolvimento para VendaSegmento de Atuação: Títulos e Val. Mob.Tipo de Gestão: Ativa;16.924.913/0001-34;07/06/2013;0,0000%;72202369;0.0;BRVREFCTF009;VISTA REAL ESTATE FUNDO DE INVESTIMENTO IMOBILIÁRIO;56;0.86;84100000;04/2019;Investidor Qualificado
80812508;Mandato: Títulos e Valores MobiliáriosSegmento de Atuação: Títulos e Val. Mob.Tipo de Gestão: Ativa;17.870.926/0001-30;13/07/2018;0,4000%;80732629;0.0;BRVOTSCTF007;Votorantim Securities Master Fundo de Investimento Imobiliário - FII;216;97.51;827913;04/2019;Investidores em Geral
50987864;Mandato: Desenvolvimento para VendaSegmento de Atuação: Títulos e Val. Mob.Tipo de Gestão: Ativa;21.826.249/0001-20;06/10/2015;0,0000%;50846145;0.0;BRFVRECTF009;VRE DESENVOLVIMENTO III FUNDO DE INVESTIMENTO IMOBILIÁRIO - FII;151;888.14;57250;04/2019;Investidor Qualificado
333060327;Mandato: RendaSegmento de Atuação: ShoppingsTipo de Gestão: Ativa;30.248.129/0001-84;30/08/2018;0,0000%;110199625;0.0;0;VX VI - FUNDO DE INVESTIMENTO IMOBILIÁRIO;1;11019.96;10000;04/2019;Investidor Qualificado
29600146;Mandato: HíbridoSegmento de Atuação: OutrosTipo de Gestão: Ativa;30.578.351/0001-45;27/03/2019;0,0000%;29570146;1.0;0;VX XII - Fundo de Investimento Imobiliário;2;99.86;296114;04/2019;Investidor Qualificado
147336540;Mandato: Títulos e Valores MobiliáriosSegmento de Atuação: Títulos e Val. Mob.Tipo de Gestão: Ativa;26.269.251/0001-60;02/05/2017;0,0000%;145267014;0.0;000000;WHITE BEAR FUNDO DE INVESTIMENTO IMOBILIÁRIO - FII;2;4542.86;31977;04/2019;Investidor Qualificado
147336540;Mandato: Títulos e Valores MobiliáriosSegmento de Atuação: Títulos e Val. Mob.Tipo de Gestão: Ativa;26.269.251/0001-60;02/05/2017;0,0000%;145267014;0.0;000000;WHITE BEAR FUNDO DE INVESTIMENTO IMOBILIÁRIO - FII;2;4542.86;31977;04/2019;Investidor Qualificado
214094836;Mandato: RendaSegmento de Atuação: Lajes CorporativasTipo de Gestão: Passiva;16.802.320/0001-03;11/03/2013;1,0232%;200786564;1.0;BRXPCMCTF009;XP CORPORATE MACAÉ FUNDO DE INVESTIMENTO IMOBILIÁRIO - FII;11019;83.16;2414570;04/2019;Investidores em Geral
387728872;Mandato: RendaSegmento de Atuação: HotelTipo de Gestão: Ativa;18.308.516/0001-63;15/04/2016;0,0000%;387583974;0.0;BRVREHCTF005;XP HOTÉIS - FUNDO DE INVESTIMENTO IMOBILIÁRIO - FII;267;182.66;2121943;04/2019;Investidor Qualificado
263078086;Mandato: RendaSegmento de Atuação: OutrosTipo de Gestão: Ativa;28.516.325/0001-40;26/04/2017;0,6700%;246433840;0.0;BRXPINCTF004;XP Industrial Fundo de Investimento Imobiliário;5310;113.04;2180089;04/2019;Investidores em Geral
565676537;Mandato: HíbridoSegmento de Atuação: LogísticaTipo de Gestão: Ativa;26.502.794/0001-85;18/10/2016;0,0000%;365785231;0.0;BRXPLGR02M14;XP Log Fundo de Investimento Imobiliário - FII;22409;99.91;3661150;04/2019;Investidores em Geral
1358838835;Mandato: RendaSegmento de Atuação: ShoppingsTipo de Gestão: Ativa;28.757.546/0001-00;27/12/2017;0,0607%;954501092;0.0;BRXPMLCTF000;XP MALLS FUNDO DE INVESTIMENTO IMOBILIÁRIO FII;54780;100.63;9484954;04/2019;Investidores em Geral
123521189;Mandato: HíbridoSegmento de Atuação: OutrosTipo de Gestão: Ativa;26.502.810/0001-30;18/10/2016;0,0000%;6446010;0.0;0;XPCE RE FII 2 - FUNDO DE INVESTIMENTO IMOBILIÁRIO;2;644601.0;10;04/2019;Investidor Profissional
123521189;Mandato: HíbridoSegmento de Atuação: OutrosTipo de Gestão: Ativa;26.502.810/0001-30;18/10/2016;0,0000%;6446010;0.0;0;XPCE RE FII 2 - FUNDO DE INVESTIMENTO IMOBILIÁRIO;2;644601.0;10;04/2019;Investidor Profissional
51416283;Mandato: HíbridoSegmento de Atuação: OutrosTipo de Gestão: Ativa;24.853.060/0001-15;27/12/2015;0,0000%;11226744;0.0;0;XPCE RE FUNDO DE INVESTIMENTO IMOBILIÁRIO;1;284.01;39530;04/2019;Investidor Profissional
47040014;Mandato: RendaSegmento de Atuação: OutrosTipo de Gestão: Ativa;18.265.829/0001-81;28/04/2014;;579641;0.0;;YAGO - FUNDO DE INVESTIMENTO IMOBILIÁRIO - FII;6;562.76;1030;04/2019;Investidor Qualificado
